duration,episode,episode_reward,step
8.178718090057373,21.0,19.0,10500
8.12231183052063,22.0,3.0,11000
7.566141128540039,23.0,3.0,11500
7.057113885879517,24.0,14.0,12000
7.073329925537109,25.0,28.0,12500
7.482156991958618,26.0,23.0,13000
7.671343088150024,27.0,23.0,13500
7.2149498462677,28.0,28.0,14000
7.467081069946289,29.0,46.0,14500
8.091288089752197,30.0,11.0,15000
7.416280746459961,31.0,50.0,15500
7.502468824386597,32.0,21.0,16000
7.121752023696899,33.0,20.0,16500
7.07419490814209,34.0,8.0,17000
6.993168830871582,35.0,38.0,17500
7.00579309463501,36.0,38.0,18000
6.997342824935913,37.0,64.0,18500
7.365494012832642,38.0,59.0,19000
7.270867109298706,39.0,161.0,19500
7.269002914428711,40.0,64.0,20000
7.46887993812561,41.0,56.0,20500
7.326303958892822,42.0,49.0,21000
7.137732028961182,43.0,119.0,21500
7.0108397006988525,44.0,38.0,22000
6.976070880889893,45.0,38.0,22500
8.001979112625122,46.0,15.0,23000
7.370605707168579,47.0,59.0,23500
8.473867893218994,48.0,15.0,24000
8.218748331069946,49.0,26.0,24500
8.956830024719238,50.0,26.0,25000
8.174862146377563,51.0,32.0,25500
7.1313722133636475,52.0,35.0,26000
7.019080877304077,53.0,106.0,26500
8.275767087936401,54.0,32.0,27000
8.253500699996948,55.0,35.0,27500
7.6824870109558105,56.0,63.0,28000
7.767271995544434,57.0,40.0,28500
7.337693929672241,58.0,94.0,29000
7.372795820236206,59.0,18.0,29500
7.294579267501831,60.0,18.0,30000
7.684368848800659,61.0,29.0,30500
7.553307056427002,62.0,18.0,31000
7.506634950637817,63.0,18.0,31500
7.438700199127197,64.0,21.0,32000
7.508924245834351,65.0,21.0,32500
7.25483512878418,66.0,21.0,33000
7.535797834396362,67.0,18.0,33500
7.393831014633179,68.0,18.0,34000
7.4228339195251465,69.0,46.0,34500
7.55460524559021,70.0,32.0,35000
7.463006019592285,71.0,52.0,35500
7.332978963851929,72.0,21.0,36000
7.389923095703125,73.0,21.0,36500
7.2847580909729,74.0,29.0,37000
7.573026180267334,75.0,32.0,37500
8.50631594657898,76.0,32.0,38000
7.251322031021118,77.0,60.0,38500
7.255075931549072,78.0,35.0,39000
7.200719118118286,79.0,71.0,39500
7.021343946456909,80.0,156.0,40000
7.387635946273804,81.0,46.0,40500
8.682244300842285,82.0,227.0,41000
7.570642948150635,83.0,152.0,41500
7.379020690917969,84.0,127.0,42000
7.5297322273254395,85.0,46.0,42500
7.627819061279297,86.0,46.0,43000
7.698203802108765,87.0,46.0,43500
9.843244791030884,88.0,178.0,44000
8.274486064910889,89.0,229.0,44500
7.670202255249023,90.0,110.0,45000
7.480423212051392,91.0,121.0,45500
7.39612889289856,92.0,174.0,46000
7.2950499057769775,93.0,29.0,46500
7.433742046356201,94.0,103.0,47000
7.177956819534302,95.0,29.0,47500
7.585340261459351,96.0,89.0,48000
7.206957817077637,97.0,20.0,48500
7.377239942550659,98.0,61.0,49000
7.4728569984436035,99.0,49.0,49500
7.504451751708984,100.0,84.0,50000
7.401465177536011,101.0,87.0,50500
7.1255669593811035,102.0,123.0,51000
7.236238718032837,103.0,137.0,51500
7.0633111000061035,104.0,53.0,52000
7.420769929885864,105.0,136.0,52500
7.32988977432251,106.0,50.0,53000
7.958543062210083,107.0,99.0,53500
7.495748996734619,108.0,159.0,54000
7.5362632274627686,109.0,92.0,54500
7.4737327098846436,110.0,165.0,55000
7.514497995376587,111.0,178.0,55500
7.5293121337890625,112.0,163.0,56000
7.440745830535889,113.0,152.0,56500
7.653069257736206,114.0,233.0,57000
7.561292886734009,115.0,74.0,57500
7.2613420486450195,116.0,340.0,58000
7.332912921905518,117.0,161.0,58500
7.957431793212891,118.0,390.0,59000
8.871257066726685,119.0,219.0,59500
7.625101089477539,120.0,160.0,60000
8.23698091506958,121.0,182.0,60500
8.392128705978394,122.0,64.0,61000
8.05158281326294,123.0,191.0,61500
8.307310819625854,124.0,253.0,62000
7.981547832489014,125.0,253.0,62500
7.846651077270508,126.0,256.0,63000
7.0921311378479,127.0,273.0,63500
7.063103914260864,128.0,247.0,64000
7.0936119556427,129.0,270.0,64500
7.09925103187561,130.0,282.0,65000
6.991397857666016,131.0,261.0,65500
7.046188116073608,132.0,92.0,66000
7.066345930099487,133.0,170.0,66500
7.008316993713379,134.0,139.0,67000
7.270799160003662,135.0,223.0,67500
7.3729939460754395,136.0,303.0,68000
7.115053176879883,137.0,192.0,68500
7.114027976989746,138.0,323.0,69000
7.210787057876587,139.0,205.0,69500
7.402358055114746,140.0,200.0,70000
7.090631008148193,141.0,185.0,70500
7.144850730895996,142.0,167.0,71000
7.094774007797241,143.0,26.0,71500
7.088996887207031,144.0,164.0,72000
7.1248650550842285,145.0,65.0,72500
7.050320863723755,146.0,76.0,73000
7.025524854660034,147.0,150.0,73500
7.093186855316162,148.0,51.0,74000
7.193130970001221,149.0,286.0,74500
7.0102598667144775,150.0,189.0,75000
7.415545225143433,151.0,98.0,75500
7.345952987670898,152.0,388.0,76000
7.309114694595337,153.0,196.0,76500
7.353615045547485,154.0,48.0,77000
7.194269895553589,155.0,219.0,77500
7.04754114151001,156.0,196.0,78000
7.054131984710693,157.0,152.0,78500
7.031994104385376,158.0,339.0,79000
7.115657806396484,159.0,425.0,79500
7.197729110717773,160.0,447.0,80000
7.286746025085449,161.0,98.0,80500
7.080003976821899,162.0,499.0,81000
7.099909782409668,163.0,508.0,81500
7.040405988693237,164.0,507.0,82000
7.022896766662598,165.0,409.0,82500
7.030251979827881,166.0,456.0,83000
7.029980897903442,167.0,424.0,83500
7.169826030731201,168.0,436.0,84000
7.3155882358551025,169.0,505.0,84500
7.110426902770996,170.0,481.0,85000
7.063078880310059,171.0,446.0,85500
7.043658018112183,172.0,467.0,86000
7.046074867248535,173.0,456.0,86500
7.0491790771484375,174.0,493.0,87000
7.12319278717041,175.0,479.0,87500
7.186907052993774,176.0,496.0,88000
7.047147989273071,177.0,481.0,88500
7.151841163635254,178.0,476.0,89000
7.059808969497681,179.0,508.0,89500
7.0584447383880615,180.0,474.0,90000
7.351532220840454,181.0,473.0,90500
7.3212890625,182.0,490.0,91000
7.081792116165161,183.0,493.0,91500
7.113431930541992,184.0,424.0,92000
7.119016885757446,185.0,416.0,92500
7.098191261291504,186.0,401.0,93000
7.285077810287476,187.0,459.0,93500
7.087515830993652,188.0,505.0,94000
7.205291986465454,189.0,424.0,94500
7.46792197227478,190.0,490.0,95000
7.309092998504639,191.0,381.0,95500
7.1192052364349365,192.0,519.0,96000
7.119642734527588,193.0,440.0,96500
7.137099742889404,194.0,496.0,97000
7.1059770584106445,195.0,469.0,97500
7.083655118942261,196.0,481.0,98000
7.1076979637146,197.0,446.0,98500
7.044320821762085,198.0,502.0,99000
7.298047304153442,199.0,469.0,99500
7.35327935218811,200.0,402.0,100000
7.113442897796631,201.0,425.0,100500
7.044152736663818,202.0,423.0,101000
7.097946882247925,203.0,491.0,101500
7.029019117355347,204.0,264.0,102000
7.033801794052124,205.0,424.0,102500
7.059514760971069,206.0,473.0,103000
7.364901065826416,207.0,453.0,103500
7.370966911315918,208.0,450.0,104000
7.358695983886719,209.0,453.0,104500
7.3664398193359375,210.0,491.0,105000
7.420180082321167,211.0,474.0,105500
7.530631065368652,212.0,162.0,106000
7.353443622589111,213.0,505.0,106500
7.377637147903442,214.0,410.0,107000
7.287111043930054,215.0,395.0,107500
7.1975321769714355,216.0,365.0,108000
7.1997151374816895,217.0,459.0,108500
7.3623857498168945,218.0,519.0,109000
7.458874940872192,219.0,476.0,109500
7.061880111694336,220.0,516.0,110000
7.2648749351501465,221.0,411.0,110500
7.116542100906372,222.0,482.0,111000
7.101931095123291,223.0,411.0,111500
7.327399015426636,224.0,282.0,112000
7.0867321491241455,225.0,434.0,112500
7.099937200546265,226.0,491.0,113000
7.103495121002197,227.0,232.0,113500
7.083307981491089,228.0,427.0,114000
7.23900580406189,229.0,451.0,114500
7.075204849243164,230.0,336.0,115000
7.073554039001465,231.0,365.0,115500
7.075226783752441,232.0,437.0,116000
7.064896821975708,233.0,385.0,116500
7.202856063842773,234.0,353.0,117000
7.348496198654175,235.0,399.0,117500
7.375351190567017,236.0,302.0,118000
7.42914605140686,237.0,294.0,118500
7.201541185379028,238.0,351.0,119000
7.089270114898682,239.0,223.0,119500
7.10755729675293,240.0,405.0,120000
7.1340861320495605,241.0,166.0,120500
7.053614854812622,242.0,280.0,121000
7.081094980239868,243.0,454.0,121500
7.058310031890869,244.0,125.0,122000
7.076349973678589,245.0,308.0,122500
7.066196918487549,246.0,399.0,123000
7.021574974060059,247.0,9.0,123500
7.059583902359009,248.0,354.0,124000
7.058109998703003,249.0,285.0,124500
7.4770050048828125,250.0,380.0,125000
7.380522966384888,251.0,354.0,125500
7.194238901138306,252.0,364.0,126000
7.107706308364868,253.0,256.0,126500
7.106843948364258,254.0,94.0,127000
7.118887901306152,255.0,260.0,127500
7.094486236572266,256.0,301.0,128000
7.065272092819214,257.0,240.0,128500
7.067296028137207,258.0,198.0,129000
7.052084922790527,259.0,241.0,129500
7.100532054901123,260.0,216.0,130000
7.264776945114136,261.0,204.0,130500
7.074792861938477,262.0,56.0,131000
7.094876050949097,263.0,74.0,131500
7.241305828094482,264.0,90.0,132000
7.3613600730896,265.0,104.0,132500
7.1450958251953125,266.0,72.0,133000
7.159888982772827,267.0,75.0,133500
7.14754581451416,268.0,100.0,134000
7.13683009147644,269.0,170.0,134500
7.111814975738525,270.0,183.0,135000
7.173846006393433,271.0,95.0,135500
7.135504245758057,272.0,126.0,136000
7.140286922454834,273.0,295.0,136500
7.0974719524383545,274.0,107.0,137000
7.314701795578003,275.0,298.0,137500
7.13329005241394,276.0,198.0,138000
7.109400987625122,277.0,48.0,138500
7.1191020011901855,278.0,438.0,139000
7.103833198547363,279.0,268.0,139500
7.121044158935547,280.0,294.0,140000
7.171662092208862,281.0,364.0,140500
7.108252048492432,282.0,340.0,141000
7.133331060409546,283.0,227.0,141500
7.088843107223511,284.0,280.0,142000
7.058588027954102,285.0,225.0,142500
7.269070148468018,286.0,268.0,143000
7.5695531368255615,287.0,243.0,143500
7.433414697647095,288.0,199.0,144000
7.247083902359009,289.0,286.0,144500
7.132684946060181,290.0,376.0,145000
7.112356901168823,291.0,242.0,145500
7.059720039367676,292.0,238.0,146000
7.125414133071899,293.0,180.0,146500
7.06550407409668,294.0,205.0,147000
7.083635330200195,295.0,192.0,147500
7.087173223495483,296.0,299.0,148000
7.127715110778809,297.0,308.0,148500
7.093804121017456,298.0,388.0,149000
7.077192068099976,299.0,400.0,149500
7.159264087677002,300.0,366.0,150000
7.156129837036133,301.0,279.0,150500
7.276295900344849,302.0,235.0,151000
7.106737852096558,303.0,359.0,151500
7.081957101821899,304.0,155.0,152000
7.1853978633880615,305.0,237.0,152500
7.42238187789917,306.0,212.0,153000
7.449748277664185,307.0,154.0,153500
7.493691921234131,308.0,273.0,154000
7.396942853927612,309.0,211.0,154500
7.485609769821167,310.0,207.0,155000
7.520936965942383,311.0,199.0,155500
7.189956903457642,312.0,316.0,156000
7.408090829849243,313.0,160.0,156500
7.197826862335205,314.0,146.0,157000
7.123124122619629,315.0,275.0,157500
7.177716970443726,316.0,189.0,158000
7.157380819320679,317.0,280.0,158500
7.1424548625946045,318.0,157.0,159000
7.131999969482422,319.0,179.0,159500
7.243592977523804,320.0,118.0,160000
7.153033018112183,321.0,59.0,160500
7.154626846313477,322.0,135.0,161000
7.099026918411255,323.0,163.0,161500
7.2404210567474365,324.0,175.0,162000
7.077012062072754,325.0,149.0,162500
7.183827877044678,326.0,181.0,163000
7.120218753814697,327.0,208.0,163500
7.13988471031189,328.0,135.0,164000
7.126187086105347,329.0,161.0,164500
7.115938901901245,330.0,173.0,165000
7.117309093475342,331.0,168.0,165500
7.24634575843811,332.0,144.0,166000
7.12639307975769,333.0,224.0,166500
7.257572889328003,334.0,154.0,167000
7.173940896987915,335.0,229.0,167500
7.137728929519653,336.0,198.0,168000
7.131920099258423,337.0,78.0,168500
7.230459690093994,338.0,178.0,169000
7.185962200164795,339.0,68.0,169500
7.258496046066284,340.0,109.0,170000
7.195676803588867,341.0,273.0,170500
7.1786580085754395,342.0,234.0,171000
7.166826963424683,343.0,96.0,171500
7.180085897445679,344.0,327.0,172000
7.208542108535767,345.0,218.0,172500
7.139611005783081,346.0,218.0,173000
7.122040748596191,347.0,267.0,173500
7.268362045288086,348.0,175.0,174000
7.4687888622283936,349.0,259.0,174500
7.591846227645874,350.0,236.0,175000
7.411883115768433,351.0,305.0,175500
7.429363012313843,352.0,211.0,176000
7.420778036117554,353.0,303.0,176500
7.086132049560547,354.0,328.0,177000
7.068198204040527,355.0,303.0,177500
7.136183023452759,356.0,321.0,178000
7.043717861175537,357.0,322.0,178500
7.040177822113037,358.0,298.0,179000
7.345034122467041,359.0,337.0,179500
7.349974155426025,360.0,351.0,180000
7.198696136474609,361.0,413.0,180500
7.115793228149414,362.0,315.0,181000
7.116022109985352,363.0,316.0,181500
7.095432758331299,364.0,186.0,182000
7.135996103286743,365.0,271.0,182500
7.080519914627075,366.0,281.0,183000
7.104151010513306,367.0,159.0,183500
7.061021327972412,368.0,95.0,184000
7.042530059814453,369.0,146.0,184500
7.069343090057373,370.0,193.0,185000
7.262653112411499,371.0,126.0,185500
7.05007791519165,372.0,310.0,186000
7.089143991470337,373.0,99.0,186500
7.037780046463013,374.0,109.0,187000
7.061654090881348,375.0,165.0,187500
8.400601148605347,376.0,210.0,188000
7.515667915344238,377.0,250.0,188500
7.162347078323364,378.0,117.0,189000
7.2833411693573,379.0,150.0,189500
7.202081918716431,380.0,161.0,190000
7.229582071304321,381.0,150.0,190500
7.240978002548218,382.0,162.0,191000
7.162312984466553,383.0,76.0,191500
7.1821510791778564,384.0,182.0,192000
7.261446237564087,385.0,115.0,192500
7.251179933547974,386.0,239.0,193000
7.409977912902832,387.0,131.0,193500
7.121730089187622,388.0,52.0,194000
7.162905931472778,389.0,107.0,194500
7.149280071258545,390.0,265.0,195000
7.126587152481079,391.0,380.0,195500
7.163055896759033,392.0,246.0,196000
7.129693031311035,393.0,410.0,196500
7.1317219734191895,394.0,412.0,197000
7.166748046875,395.0,442.0,197500
7.414561986923218,396.0,390.0,198000
7.421004056930542,397.0,351.0,198500
7.409524917602539,398.0,320.0,199000
7.341269016265869,399.0,231.0,199500
7.149147033691406,400.0,46.0,200000
7.182384014129639,401.0,284.0,200500
7.129995107650757,402.0,278.0,201000
7.222656011581421,403.0,449.0,201500
7.16270112991333,404.0,443.0,202000
7.137327194213867,405.0,351.0,202500
7.141939163208008,406.0,452.0,203000
7.130218029022217,407.0,464.0,203500
7.114695072174072,408.0,428.0,204000
7.178436756134033,409.0,244.0,204500
7.169227123260498,410.0,353.0,205000
7.220924139022827,411.0,426.0,205500
7.191787004470825,412.0,299.0,206000
7.161196231842041,413.0,281.0,206500
7.544373989105225,414.0,108.0,207000
7.120427846908569,415.0,347.0,207500
7.135823965072632,416.0,335.0,208000
7.136697053909302,417.0,292.0,208500
7.103608846664429,418.0,329.0,209000
7.128098964691162,419.0,150.0,209500
7.1772239208221436,420.0,364.0,210000
7.147047758102417,421.0,260.0,210500
7.127660036087036,422.0,281.0,211000
7.088760137557983,423.0,353.0,211500
7.164624929428101,424.0,232.0,212000
7.0663979053497314,425.0,376.0,212500
7.103770971298218,426.0,336.0,213000
7.055161237716675,427.0,407.0,213500
7.063138008117676,428.0,439.0,214000
7.070987939834595,429.0,270.0,214500
7.122185945510864,430.0,333.0,215000
7.0565080642700195,431.0,250.0,215500
7.043797016143799,432.0,418.0,216000
7.086641788482666,433.0,328.0,216500
7.053147077560425,434.0,396.0,217000
7.078947067260742,435.0,398.0,217500
7.0690882205963135,436.0,339.0,218000
7.074981927871704,437.0,137.0,218500
7.042432069778442,438.0,200.0,219000
7.310149908065796,439.0,70.0,219500
7.099829912185669,440.0,184.0,220000
7.1224400997161865,441.0,137.0,220500
7.113901138305664,442.0,218.0,221000
7.108230113983154,443.0,139.0,221500
7.115768194198608,444.0,191.0,222000
7.273877143859863,445.0,118.0,222500
7.107154846191406,446.0,196.0,223000
7.1239306926727295,447.0,39.0,223500
7.133537769317627,448.0,82.0,224000
7.180692911148071,449.0,185.0,224500
7.25219988822937,450.0,238.0,225000
7.129231691360474,451.0,150.0,225500
7.144072771072388,452.0,167.0,226000
7.271459102630615,453.0,215.0,226500
7.139588117599487,454.0,228.0,227000
7.181935787200928,455.0,187.0,227500
7.155218124389648,456.0,206.0,228000
7.156193017959595,457.0,150.0,228500
7.173696041107178,458.0,164.0,229000
7.136583089828491,459.0,179.0,229500
7.142657041549683,460.0,235.0,230000
7.24149489402771,461.0,221.0,230500
7.1242780685424805,462.0,56.0,231000
7.129880905151367,463.0,156.0,231500
7.08505916595459,464.0,116.0,232000
7.110573053359985,465.0,198.0,232500
7.072101831436157,466.0,104.0,233000
7.156300067901611,467.0,146.0,233500
7.102777004241943,468.0,196.0,234000
7.121462106704712,469.0,171.0,234500
7.374250888824463,470.0,189.0,235000
7.432904243469238,471.0,197.0,235500
7.418348789215088,472.0,219.0,236000
7.405663013458252,473.0,214.0,236500
7.398993015289307,474.0,189.0,237000
7.4310479164123535,475.0,211.0,237500
7.279825925827026,476.0,236.0,238000
7.181111097335815,477.0,223.0,238500
7.137693166732788,478.0,238.0,239000
7.111656904220581,479.0,251.0,239500
7.170388221740723,480.0,187.0,240000
7.2308349609375,481.0,222.0,240500
7.148329019546509,482.0,197.0,241000
7.156882047653198,483.0,132.0,241500
7.214864015579224,484.0,138.0,242000
7.1785619258880615,485.0,211.0,242500
7.187537908554077,486.0,210.0,243000
7.252373933792114,487.0,186.0,243500
7.51386284828186,488.0,161.0,244000
7.127921104431152,489.0,155.0,244500
7.170149803161621,490.0,154.0,245000
7.216090679168701,491.0,239.0,245500
7.127020835876465,492.0,240.0,246000
7.140265226364136,493.0,211.0,246500
7.241127967834473,494.0,117.0,247000
7.113246917724609,495.0,173.0,247500
7.164682865142822,496.0,47.0,248000
7.145945072174072,497.0,230.0,248500
7.251657009124756,498.0,239.0,249000
7.153879880905151,499.0,225.0,249500
7.169694900512695,500.0,245.0,250000
7.095487117767334,501.0,306.0,250500
7.152436017990112,502.0,12.0,251000
7.1499879360198975,503.0,177.0,251500
7.150867223739624,504.0,265.0,252000
7.127611875534058,505.0,113.0,252500
7.139153003692627,506.0,107.0,253000
7.160414934158325,507.0,141.0,253500
7.17809271812439,508.0,256.0,254000
7.138541221618652,509.0,200.0,254500
7.189618825912476,510.0,143.0,255000
7.139744997024536,511.0,134.0,255500
7.20574688911438,512.0,210.0,256000
7.437424898147583,513.0,200.0,256500
7.160401105880737,514.0,199.0,257000
7.180015802383423,515.0,224.0,257500
7.1229400634765625,516.0,261.0,258000
7.19286322593689,517.0,250.0,258500
7.166035890579224,518.0,223.0,259000
7.140229225158691,519.0,267.0,259500
7.137806177139282,520.0,213.0,260000
7.205251216888428,521.0,227.0,260500
7.161144971847534,522.0,232.0,261000
7.213698863983154,523.0,239.0,261500
7.316515207290649,524.0,206.0,262000
7.216278076171875,525.0,214.0,262500
7.171893119812012,526.0,288.0,263000
7.255145072937012,527.0,253.0,263500
7.240900993347168,528.0,253.0,264000
7.2085120677948,529.0,198.0,264500
7.173933982849121,530.0,215.0,265000
7.246042966842651,531.0,276.0,265500
7.170224189758301,532.0,215.0,266000
7.154882192611694,533.0,220.0,266500
7.140589237213135,534.0,244.0,267000
7.2637879848480225,535.0,238.0,267500
7.148894786834717,536.0,192.0,268000
7.127754211425781,537.0,185.0,268500
7.121078014373779,538.0,34.0,269000
7.238403081893921,539.0,58.0,269500
7.223401069641113,540.0,60.0,270000
7.2390830516815186,541.0,55.0,270500
7.131577968597412,542.0,20.0,271000
7.059156179428101,543.0,20.0,271500
7.164783954620361,544.0,3.0,272000
7.1272499561309814,545.0,59.0,272500
7.1549601554870605,546.0,42.0,273000
7.159565687179565,547.0,80.0,273500
7.088741779327393,548.0,112.0,274000
7.182726144790649,549.0,31.0,274500
7.221767902374268,550.0,70.0,275000
7.139249801635742,551.0,31.0,275500
7.191273927688599,552.0,65.0,276000
7.145557880401611,553.0,34.0,276500
7.153605699539185,554.0,79.0,277000
7.150703191757202,555.0,20.0,277500
7.1709020137786865,556.0,123.0,278000
7.11814284324646,557.0,148.0,278500
7.851412057876587,558.0,43.0,279000
7.223819017410278,559.0,249.0,279500
7.177052736282349,560.0,57.0,280000
7.205615043640137,561.0,345.0,280500
7.785136938095093,562.0,356.0,281000
7.176584959030151,563.0,424.0,281500
7.1717588901519775,564.0,427.0,282000
7.147929668426514,565.0,345.0,282500
7.09275221824646,566.0,178.0,283000
7.1648030281066895,567.0,405.0,283500
7.2738611698150635,568.0,213.0,284000
7.1454339027404785,569.0,336.0,284500
7.1234941482543945,570.0,327.0,285000
7.068757057189941,571.0,320.0,285500
7.207237720489502,572.0,215.0,286000
7.095702886581421,573.0,266.0,286500
7.198642015457153,574.0,305.0,287000
7.348060846328735,575.0,261.0,287500
7.604129076004028,576.0,6.0,288000
7.4139769077301025,577.0,165.0,288500
7.352288007736206,578.0,156.0,289000
7.14360499382019,579.0,104.0,289500
7.187576055526733,580.0,200.0,290000
7.1678009033203125,581.0,46.0,290500
7.145460844039917,582.0,97.0,291000
7.37531590461731,583.0,29.0,291500
7.366678953170776,584.0,37.0,292000
7.338932991027832,585.0,50.0,292500
7.288485765457153,586.0,37.0,293000
7.216165781021118,587.0,93.0,293500
7.1408469676971436,588.0,113.0,294000
7.174042701721191,589.0,68.0,294500
7.115283966064453,590.0,116.0,295000
7.146898031234741,591.0,152.0,295500
7.081391096115112,592.0,165.0,296000
7.150392055511475,593.0,9.0,296500
7.220854759216309,594.0,210.0,297000
7.088904142379761,595.0,66.0,297500
7.161958932876587,596.0,11.0,298000
7.135626792907715,597.0,126.0,298500
7.131458044052124,598.0,190.0,299000
7.108251094818115,599.0,422.0,299500
7.110310792922974,600.0,6.0,300000
7.158397912979126,601.0,337.0,300500
7.144216060638428,602.0,137.0,301000
7.110068082809448,603.0,141.0,301500
7.081655740737915,604.0,236.0,302000
7.153770208358765,605.0,54.0,302500
7.067461013793945,606.0,366.0,303000
7.076364755630493,607.0,171.0,303500
7.103359937667847,608.0,278.0,304000
7.126183748245239,609.0,293.0,304500
7.10976505279541,610.0,177.0,305000
7.037333011627197,611.0,428.0,305500
7.08060097694397,612.0,127.0,306000
7.6554038524627686,613.0,378.0,306500
8.347874164581299,614.0,267.0,307000
8.24482774734497,615.0,223.0,307500
7.394472360610962,616.0,137.0,308000
7.882933139801025,617.0,192.0,308500
8.20792007446289,618.0,376.0,309000
8.263171672821045,619.0,195.0,309500
7.766546964645386,620.0,284.0,310000
7.247227668762207,621.0,312.0,310500
7.163413047790527,622.0,314.0,311000
7.1898720264434814,623.0,222.0,311500
7.1523542404174805,624.0,269.0,312000
7.483644008636475,625.0,201.0,312500
7.3482749462127686,626.0,289.0,313000
7.284008979797363,627.0,369.0,313500
7.371469020843506,628.0,293.0,314000
7.392514228820801,629.0,319.0,314500
7.366528034210205,630.0,415.0,315000
7.289403915405273,631.0,193.0,315500
7.394146203994751,632.0,294.0,316000
7.057542085647583,633.0,277.0,316500
7.052577972412109,634.0,396.0,317000
7.199416875839233,635.0,354.0,317500
7.42678689956665,636.0,292.0,318000
7.497554063796997,637.0,255.0,318500
7.220210075378418,638.0,239.0,319000
7.225588798522949,639.0,312.0,319500
7.336426019668579,640.0,295.0,320000
7.163569927215576,641.0,284.0,320500
7.113809108734131,642.0,308.0,321000
7.138623952865601,643.0,298.0,321500
7.102941274642944,644.0,328.0,322000
7.098628759384155,645.0,302.0,322500
7.116634130477905,646.0,324.0,323000
7.1511430740356445,647.0,267.0,323500
7.111454963684082,648.0,243.0,324000
7.0801239013671875,649.0,285.0,324500
7.192658185958862,650.0,295.0,325000
7.294302940368652,651.0,351.0,325500
7.080869197845459,652.0,75.0,326000
7.059511184692383,653.0,259.0,326500
7.279367923736572,654.0,148.0,327000
7.333537817001343,655.0,99.0,327500
7.139603137969971,656.0,276.0,328000
7.320336103439331,657.0,249.0,328500
7.362759828567505,658.0,186.0,329000
7.310199022293091,659.0,189.0,329500
7.225096940994263,660.0,111.0,330000
7.342890024185181,661.0,65.0,330500
7.494409084320068,662.0,176.0,331000
7.130510091781616,663.0,207.0,331500
7.08890700340271,664.0,187.0,332000
7.136991024017334,665.0,69.0,332500
7.270411968231201,666.0,60.0,333000
7.1316139698028564,667.0,117.0,333500
7.064882040023804,668.0,145.0,334000
7.269234895706177,669.0,75.0,334500
7.341585159301758,670.0,111.0,335000
7.314910888671875,671.0,84.0,335500
7.32289981842041,672.0,75.0,336000
7.396028757095337,673.0,82.0,336500
7.080491781234741,674.0,111.0,337000
7.131466865539551,675.0,134.0,337500
7.2511961460113525,676.0,145.0,338000
7.370927810668945,677.0,291.0,338500
7.357208251953125,678.0,179.0,339000
7.374840021133423,679.0,209.0,339500
7.424091100692749,680.0,189.0,340000
7.202721834182739,681.0,240.0,340500
7.1432578563690186,682.0,212.0,341000
7.111553192138672,683.0,142.0,341500
7.057500839233398,684.0,219.0,342000
7.084283113479614,685.0,186.0,342500
7.081095933914185,686.0,174.0,343000
7.2993080615997314,687.0,166.0,343500
7.462903022766113,688.0,132.0,344000
7.352457046508789,689.0,75.0,344500
7.091320037841797,690.0,251.0,345000
7.113030195236206,691.0,78.0,345500
7.102617025375366,692.0,175.0,346000
7.120985269546509,693.0,129.0,346500
7.203652858734131,694.0,120.0,347000
7.372902154922485,695.0,178.0,347500
7.350616931915283,696.0,153.0,348000
7.353225946426392,697.0,173.0,348500
7.36712384223938,698.0,156.0,349000
7.3590168952941895,699.0,162.0,349500
7.314742088317871,700.0,164.0,350000
7.160757064819336,701.0,135.0,350500
7.108170986175537,702.0,222.0,351000
7.243303060531616,703.0,113.0,351500
7.385655164718628,704.0,204.0,352000
7.39433217048645,705.0,189.0,352500
7.351794004440308,706.0,134.0,353000
7.324062347412109,707.0,153.0,353500
7.411965847015381,708.0,226.0,354000
7.444218873977661,709.0,170.0,354500
8.494339942932129,710.0,159.0,355000
7.559822082519531,711.0,64.0,355500
7.5984320640563965,712.0,109.0,356000
7.679512023925781,713.0,178.0,356500
7.552540063858032,714.0,141.0,357000
7.506477117538452,715.0,196.0,357500
7.694551706314087,716.0,205.0,358000
7.534085273742676,717.0,222.0,358500
7.16486930847168,718.0,195.0,359000
7.191611051559448,719.0,98.0,359500
7.0964460372924805,720.0,163.0,360000
7.145845890045166,721.0,188.0,360500
7.30889892578125,722.0,160.0,361000
7.139531135559082,723.0,164.0,361500
7.143985033035278,724.0,165.0,362000
7.245877027511597,725.0,167.0,362500
7.0930962562561035,726.0,211.0,363000
7.098552942276001,727.0,205.0,363500
7.116974115371704,728.0,175.0,364000
7.306272029876709,729.0,233.0,364500
7.343155860900879,730.0,113.0,365000
7.3684470653533936,731.0,147.0,365500
7.292202949523926,732.0,116.0,366000
7.305404901504517,733.0,17.0,366500
7.351794958114624,734.0,41.0,367000
7.369590759277344,735.0,88.0,367500
7.340937852859497,736.0,71.0,368000
7.317929983139038,737.0,128.0,368500
7.343063116073608,738.0,141.0,369000
7.517370223999023,739.0,109.0,369500
7.328521966934204,740.0,119.0,370000
7.252866983413696,741.0,152.0,370500
7.1499621868133545,742.0,151.0,371000
7.218231916427612,743.0,215.0,371500
7.408493280410767,744.0,219.0,372000
7.509082078933716,745.0,245.0,372500
7.2421629428863525,746.0,203.0,373000
7.203896760940552,747.0,237.0,373500
7.169613838195801,748.0,202.0,374000
7.123863935470581,749.0,230.0,374500
7.2978010177612305,750.0,215.0,375000
7.269446849822998,751.0,191.0,375500
7.160510301589966,752.0,193.0,376000
7.092221021652222,753.0,193.0,376500
7.16116189956665,754.0,185.0,377000
7.383436918258667,755.0,186.0,377500
7.408131122589111,756.0,181.0,378000
7.38839316368103,757.0,189.0,378500
7.398277044296265,758.0,194.0,379000
7.315122842788696,759.0,136.0,379500
7.410597085952759,760.0,197.0,380000
7.6863648891448975,761.0,263.0,380500
7.688187837600708,762.0,179.0,381000
7.576440095901489,763.0,267.0,381500
7.560235023498535,764.0,225.0,382000
7.531581163406372,765.0,238.0,382500
7.161041975021362,766.0,201.0,383000
7.103560924530029,767.0,228.0,383500
7.092674016952515,768.0,192.0,384000
7.113039016723633,769.0,220.0,384500
7.211749792098999,770.0,127.0,385000
7.407189130783081,771.0,192.0,385500
7.389186143875122,772.0,250.0,386000
7.345921754837036,773.0,226.0,386500
7.4411938190460205,774.0,169.0,387000
7.356878995895386,775.0,190.0,387500
7.502073764801025,776.0,104.0,388000
7.417023181915283,777.0,180.0,388500
7.465644836425781,778.0,259.0,389000
7.411658048629761,779.0,182.0,389500
7.425055980682373,780.0,157.0,390000
7.216698169708252,781.0,181.0,390500
7.546966075897217,782.0,259.0,391000
7.265850782394409,783.0,186.0,391500
7.224765300750732,784.0,264.0,392000
7.188627004623413,785.0,199.0,392500
7.104084253311157,786.0,221.0,393000
7.111810922622681,787.0,194.0,393500
7.4503490924835205,788.0,229.0,394000
7.389081239700317,789.0,107.0,394500
7.333669900894165,790.0,193.0,395000
7.359869956970215,791.0,195.0,395500
7.140550851821899,792.0,120.0,396000
7.102046966552734,793.0,34.0,396500
7.307480812072754,794.0,128.0,397000
7.339378833770752,795.0,172.0,397500
7.194071054458618,796.0,170.0,398000
7.356001853942871,797.0,56.0,398500
7.3640360832214355,798.0,257.0,399000
7.365679025650024,799.0,168.0,399500
7.311450958251953,800.0,227.0,400000
7.144039869308472,801.0,112.0,400500
7.153219223022461,802.0,135.0,401000
7.1457531452178955,803.0,198.0,401500
7.116290092468262,804.0,175.0,402000
7.100070238113403,805.0,203.0,402500
7.144857168197632,806.0,261.0,403000
7.041413068771362,807.0,184.0,403500
7.102351188659668,808.0,42.0,404000
7.3899877071380615,809.0,28.0,404500
7.356924057006836,810.0,233.0,405000
7.16011118888855,811.0,167.0,405500
7.100377798080444,812.0,262.0,406000
7.130950212478638,813.0,95.0,406500
7.201314926147461,814.0,121.0,407000
7.208999872207642,815.0,276.0,407500
7.447561979293823,816.0,60.0,408000
7.370499610900879,817.0,291.0,408500
7.395437240600586,818.0,329.0,409000
7.3881731033325195,819.0,299.0,409500
7.144322156906128,820.0,285.0,410000
7.224797010421753,821.0,179.0,410500
7.103831052780151,822.0,171.0,411000
7.319066047668457,823.0,227.0,411500
7.38020920753479,824.0,276.0,412000
7.5885210037231445,825.0,209.0,412500
7.162719964981079,826.0,111.0,413000
7.102968692779541,827.0,307.0,413500
7.50957989692688,828.0,45.0,414000
7.582756042480469,829.0,233.0,414500
7.56929612159729,830.0,273.0,415000
7.530004978179932,831.0,273.0,415500
7.534010887145996,832.0,66.0,416000
7.555188894271851,833.0,267.0,416500
7.47899603843689,834.0,168.0,417000
7.113954067230225,835.0,217.0,417500
7.138740062713623,836.0,232.0,418000
7.05671501159668,837.0,145.0,418500
7.282701015472412,838.0,151.0,419000
7.212440729141235,839.0,219.0,419500
7.202379941940308,840.0,174.0,420000
7.183734655380249,841.0,141.0,420500
7.084897994995117,842.0,259.0,421000
7.330141067504883,843.0,202.0,421500
7.785395860671997,844.0,186.0,422000
9.161394834518433,845.0,259.0,422500
8.307403087615967,846.0,248.0,423000
7.766346454620361,847.0,211.0,423500
8.088573932647705,848.0,231.0,424000
8.309324026107788,849.0,193.0,424500
7.5309507846832275,850.0,201.0,425000
8.357827186584473,851.0,141.0,425500
8.044711112976074,852.0,159.0,426000
7.778132915496826,853.0,281.0,426500
7.822967052459717,854.0,191.0,427000
7.62102484703064,855.0,160.0,427500
7.548439025878906,856.0,185.0,428000
7.399290084838867,857.0,270.0,428500
7.270308017730713,858.0,264.0,429000
7.272546052932739,859.0,251.0,429500
7.298959016799927,860.0,135.0,430000
7.991544723510742,861.0,141.0,430500
7.498610973358154,862.0,150.0,431000
7.376060962677002,863.0,177.0,431500
7.36142110824585,864.0,180.0,432000
7.329637765884399,865.0,210.0,432500
7.355010986328125,866.0,156.0,433000
7.302122592926025,867.0,196.0,433500
7.292582988739014,868.0,196.0,434000
7.19448709487915,869.0,192.0,434500
7.311113119125366,870.0,204.0,435000
7.251435041427612,871.0,102.0,435500
7.206305027008057,872.0,49.0,436000
8.04719591140747,873.0,199.0,436500
7.328479051589966,874.0,46.0,437000
7.8321311473846436,875.0,107.0,437500
7.57831883430481,876.0,67.0,438000
7.340534925460815,877.0,179.0,438500
7.505541086196899,878.0,175.0,439000
7.740118980407715,879.0,113.0,439500
7.438377857208252,880.0,185.0,440000
7.231915235519409,881.0,216.0,440500
7.430680990219116,882.0,180.0,441000
7.6494481563568115,883.0,149.0,441500
7.635572910308838,884.0,270.0,442000
7.613954782485962,885.0,185.0,442500
7.64607310295105,886.0,187.0,443000
7.679678916931152,887.0,85.0,443500
7.7506749629974365,888.0,204.0,444000
7.35030198097229,889.0,212.0,444500
7.301228046417236,890.0,213.0,445000
7.238990068435669,891.0,112.0,445500
7.2399680614471436,892.0,147.0,446000
7.23911714553833,893.0,55.0,446500
7.209158897399902,894.0,211.0,447000
7.117296934127808,895.0,123.0,447500
7.188746929168701,896.0,33.0,448000
7.224978923797607,897.0,64.0,448500
7.2273499965667725,898.0,155.0,449000
7.1167521476745605,899.0,66.0,449500
7.258457899093628,900.0,44.0,450000
7.2366249561309814,901.0,134.0,450500
7.211000204086304,902.0,137.0,451000
7.246667146682739,903.0,153.0,451500
7.185985803604126,904.0,142.0,452000
7.207716703414917,905.0,69.0,452500
7.247604131698608,906.0,234.0,453000
7.2065160274505615,907.0,83.0,453500
7.202010154724121,908.0,133.0,454000
7.199530124664307,909.0,284.0,454500
7.183460235595703,910.0,273.0,455000
7.189029693603516,911.0,295.0,455500
7.190946102142334,912.0,278.0,456000
7.178816080093384,913.0,260.0,456500
7.279235124588013,914.0,263.0,457000
7.1926820278167725,915.0,274.0,457500
7.196799993515015,916.0,267.0,458000
7.187563896179199,917.0,258.0,458500
7.19035005569458,918.0,302.0,459000
7.153616905212402,919.0,284.0,459500
7.18403697013855,920.0,272.0,460000
7.244887113571167,921.0,225.0,460500
7.200330018997192,922.0,246.0,461000
7.212936162948608,923.0,28.0,461500
7.255620002746582,924.0,142.0,462000
7.319761276245117,925.0,241.0,462500
7.176394939422607,926.0,203.0,463000
7.130250930786133,927.0,263.0,463500
7.549730062484741,928.0,219.0,464000
7.281208276748657,929.0,210.0,464500
7.289005994796753,930.0,209.0,465000
7.241849899291992,931.0,278.0,465500
7.210392713546753,932.0,289.0,466000
7.205298900604248,933.0,279.0,466500
7.290807008743286,934.0,266.0,467000
7.1497297286987305,935.0,233.0,467500
7.115334749221802,936.0,190.0,468000
7.171814918518066,937.0,267.0,468500
7.310489177703857,938.0,213.0,469000
7.139378070831299,939.0,155.0,469500
7.270608186721802,940.0,313.0,470000
7.198883295059204,941.0,234.0,470500
7.151963949203491,942.0,246.0,471000
7.172853946685791,943.0,6.0,471500
7.2133259773254395,944.0,85.0,472000
7.189995050430298,945.0,188.0,472500
7.210673809051514,946.0,228.0,473000
7.136332988739014,947.0,155.0,473500
7.209635972976685,948.0,6.0,474000
7.184132814407349,949.0,236.0,474500
7.177917003631592,950.0,227.0,475000
7.305040121078491,951.0,177.0,475500
7.193225383758545,952.0,234.0,476000
7.182063817977905,953.0,185.0,476500
7.206289052963257,954.0,220.0,477000
7.18536376953125,955.0,208.0,477500
7.122513294219971,956.0,217.0,478000
7.161445140838623,957.0,228.0,478500
7.118459701538086,958.0,256.0,479000
7.148920059204102,959.0,262.0,479500
7.125659704208374,960.0,228.0,480000
7.222710132598877,961.0,276.0,480500
7.300530910491943,962.0,298.0,481000
7.21471905708313,963.0,280.0,481500
7.24380087852478,964.0,227.0,482000
7.463274955749512,965.0,288.0,482500
7.473856210708618,966.0,260.0,483000
7.210331916809082,967.0,226.0,483500
7.209880113601685,968.0,273.0,484000
7.199632167816162,969.0,201.0,484500
7.187184810638428,970.0,213.0,485000
7.230569839477539,971.0,270.0,485500
7.189574956893921,972.0,290.0,486000
7.192070245742798,973.0,294.0,486500
7.155883073806763,974.0,276.0,487000
7.297582149505615,975.0,200.0,487500
7.191334247589111,976.0,262.0,488000
7.28450083732605,977.0,259.0,488500
7.178715944290161,978.0,267.0,489000
7.198750972747803,979.0,270.0,489500
7.16556715965271,980.0,276.0,490000
7.24292778968811,981.0,253.0,490500
7.180724859237671,982.0,264.0,491000
7.2135398387908936,983.0,245.0,491500
7.143447160720825,984.0,248.0,492000
7.131793022155762,985.0,198.0,492500
7.2115068435668945,986.0,110.0,493000
7.127580881118774,987.0,171.0,493500
7.279995918273926,988.0,61.0,494000
7.257294654846191,989.0,100.0,494500
7.181359767913818,990.0,128.0,495000
7.141541957855225,991.0,49.0,495500
7.105061054229736,992.0,175.0,496000
7.131165981292725,993.0,257.0,496500
7.126593828201294,994.0,158.0,497000
7.102437973022461,995.0,212.0,497500
7.14443302154541,996.0,181.0,498000
7.140665054321289,997.0,248.0,498500
7.164290189743042,998.0,176.0,499000
7.131712913513184,999.0,205.0,499500
7.16154408454895,1000.0,204.0,500000
7.6751649379730225,1001.0,240.0,500500
7.877422094345093,1002.0,263.0,501000
7.863250017166138,1003.0,254.0,501500
8.96737813949585,1004.0,238.0,502000
8.209798097610474,1005.0,244.0,502500
8.10358715057373,1006.0,188.0,503000
7.773040056228638,1007.0,209.0,503500
7.261953115463257,1008.0,171.0,504000
7.211832046508789,1009.0,247.0,504500
7.266419887542725,1010.0,197.0,505000
7.279276609420776,1011.0,235.0,505500
7.227591037750244,1012.0,195.0,506000
7.114386081695557,1013.0,224.0,506500
7.712076902389526,1014.0,203.0,507000
8.096693992614746,1015.0,231.0,507500
7.784871816635132,1016.0,106.0,508000
7.45427393913269,1017.0,161.0,508500
7.397433280944824,1018.0,190.0,509000
7.32374906539917,1019.0,202.0,509500
7.369203090667725,1020.0,205.0,510000
7.188127040863037,1021.0,206.0,510500
7.137687683105469,1022.0,285.0,511000
7.074742794036865,1023.0,237.0,511500
7.385350704193115,1024.0,256.0,512000
7.586890935897827,1025.0,259.0,512500
7.494287014007568,1026.0,243.0,513000
8.837749004364014,1027.0,270.0,513500
7.213498830795288,1028.0,85.0,514000
7.29052209854126,1029.0,27.0,514500
7.204346179962158,1030.0,210.0,515000
7.229256868362427,1031.0,175.0,515500
7.22320294380188,1032.0,207.0,516000
7.207115650177002,1033.0,260.0,516500
7.250831842422485,1034.0,223.0,517000
7.208858013153076,1035.0,215.0,517500
7.161612033843994,1036.0,179.0,518000
7.193269968032837,1037.0,223.0,518500
7.263411045074463,1038.0,278.0,519000
7.1536760330200195,1039.0,286.0,519500
7.38518500328064,1040.0,288.0,520000
7.277233839035034,1041.0,268.0,520500
7.17816424369812,1042.0,250.0,521000
7.263689041137695,1043.0,220.0,521500
7.1624579429626465,1044.0,75.0,522000
7.339270830154419,1045.0,228.0,522500
7.175734043121338,1046.0,294.0,523000
7.149954080581665,1047.0,270.0,523500
7.171710252761841,1048.0,275.0,524000
7.177563190460205,1049.0,165.0,524500
7.16650915145874,1050.0,227.0,525000
7.2976861000061035,1051.0,155.0,525500
7.212238788604736,1052.0,221.0,526000
7.145435810089111,1053.0,196.0,526500
7.152334213256836,1054.0,168.0,527000
7.16832709312439,1055.0,172.0,527500
7.360404968261719,1056.0,93.0,528000
7.303612947463989,1057.0,108.0,528500
7.196333169937134,1058.0,130.0,529000
7.1714630126953125,1059.0,184.0,529500
7.154139041900635,1060.0,191.0,530000
7.204204082489014,1061.0,105.0,530500
7.1870691776275635,1062.0,164.0,531000
7.462441921234131,1063.0,114.0,531500
7.180760145187378,1064.0,130.0,532000
7.148275852203369,1065.0,97.0,532500
7.128257989883423,1066.0,50.0,533000
7.142826080322266,1067.0,138.0,533500
7.133994102478027,1068.0,201.0,534000
7.239310026168823,1069.0,221.0,534500
7.163022756576538,1070.0,154.0,535000
7.155325889587402,1071.0,68.0,535500
7.157292127609253,1072.0,18.0,536000
7.470749139785767,1073.0,104.0,536500
8.25230598449707,1074.0,40.0,537000
7.799928665161133,1075.0,61.0,537500
8.339715242385864,1076.0,119.0,538000
8.017742156982422,1077.0,54.0,538500
7.471882104873657,1078.0,93.0,539000
7.26025915145874,1079.0,55.0,539500
7.236577987670898,1080.0,98.0,540000
7.417497873306274,1081.0,90.0,540500
7.256500005722046,1082.0,68.0,541000
7.369686126708984,1083.0,132.0,541500
7.258401870727539,1084.0,76.0,542000
7.242043972015381,1085.0,141.0,542500
7.298769235610962,1086.0,160.0,543000
7.296977996826172,1087.0,58.0,543500
7.357860088348389,1088.0,93.0,544000
7.256836891174316,1089.0,54.0,544500
7.205865859985352,1090.0,237.0,545000
7.300920009613037,1091.0,34.0,545500
7.279151201248169,1092.0,186.0,546000
7.244992733001709,1093.0,254.0,546500
7.217782020568848,1094.0,127.0,547000
7.264451026916504,1095.0,59.0,547500
7.308255910873413,1096.0,240.0,548000
7.226836919784546,1097.0,146.0,548500
7.648428916931152,1098.0,87.0,549000
7.382071018218994,1099.0,102.0,549500
7.212270021438599,1100.0,53.0,550000
7.246119976043701,1101.0,145.0,550500
7.218830823898315,1102.0,163.0,551000
9.45201301574707,1103.0,134.0,551500
9.39651608467102,1104.0,181.0,552000
7.808837175369263,1105.0,185.0,552500
7.434444189071655,1106.0,63.0,553000
7.258278846740723,1107.0,69.0,553500
7.2084269523620605,1108.0,185.0,554000
7.225445747375488,1109.0,223.0,554500
7.393927097320557,1110.0,152.0,555000
7.64332914352417,1111.0,160.0,555500
7.610790252685547,1112.0,157.0,556000
7.6898651123046875,1113.0,114.0,556500
8.037845849990845,1114.0,142.0,557000
7.6500022411346436,1115.0,158.0,557500
7.662124872207642,1116.0,153.0,558000
7.480770111083984,1117.0,190.0,558500
7.23788595199585,1118.0,20.0,559000
7.14300537109375,1119.0,15.0,559500
7.31242299079895,1120.0,185.0,560000
7.264382839202881,1121.0,217.0,560500
7.233980894088745,1122.0,40.0,561000
7.165485858917236,1123.0,89.0,561500
7.22917103767395,1124.0,283.0,562000
7.17177677154541,1125.0,262.0,562500
7.300279140472412,1126.0,149.0,563000
7.391696929931641,1127.0,255.0,563500
7.522343873977661,1128.0,168.0,564000
7.1880271434783936,1129.0,123.0,564500
7.200598955154419,1130.0,199.0,565000
7.197810173034668,1131.0,240.0,565500
7.19904088973999,1132.0,159.0,566000
7.2078938484191895,1133.0,185.0,566500
7.288640022277832,1134.0,218.0,567000
7.189872741699219,1135.0,286.0,567500
7.193453788757324,1136.0,305.0,568000
7.214513063430786,1137.0,281.0,568500
7.193539142608643,1138.0,190.0,569000
7.193162202835083,1139.0,239.0,569500
7.348723888397217,1140.0,245.0,570000
7.165218114852905,1141.0,224.0,570500
7.146602153778076,1142.0,50.0,571000
7.1889588832855225,1143.0,84.0,571500
8.399356365203857,1144.0,37.0,572000
8.9843270778656,1145.0,54.0,572500
8.382105827331543,1146.0,50.0,573000
8.155864000320435,1147.0,48.0,573500
8.06371784210205,1148.0,64.0,574000
9.028170585632324,1149.0,196.0,574500
7.264207124710083,1150.0,198.0,575000
7.478449106216431,1151.0,155.0,575500
7.4626429080963135,1152.0,17.0,576000
7.269949913024902,1153.0,191.0,576500
7.215536832809448,1154.0,135.0,577000
7.202505111694336,1155.0,205.0,577500
7.298322916030884,1156.0,138.0,578000
7.167690992355347,1157.0,98.0,578500
7.180088996887207,1158.0,100.0,579000
7.249908208847046,1159.0,221.0,579500
7.289807081222534,1160.0,238.0,580000
7.242298126220703,1161.0,274.0,580500
7.245981931686401,1162.0,266.0,581000
7.447387933731079,1163.0,225.0,581500
7.157688856124878,1164.0,230.0,582000
7.22935676574707,1165.0,212.0,582500
7.248786926269531,1166.0,261.0,583000
7.212641000747681,1167.0,266.0,583500
7.16300892829895,1168.0,100.0,584000
7.3159661293029785,1169.0,152.0,584500
7.2380852699279785,1170.0,236.0,585000
7.484181880950928,1171.0,216.0,585500
7.562610864639282,1172.0,109.0,586000
7.55889105796814,1173.0,72.0,586500
7.612598180770874,1174.0,115.0,587000
7.671447038650513,1175.0,290.0,587500
7.598850727081299,1176.0,285.0,588000
7.928455829620361,1177.0,290.0,588500
7.2202770709991455,1178.0,185.0,589000
7.27174186706543,1179.0,186.0,589500
7.158519744873047,1180.0,307.0,590000
7.596922159194946,1181.0,56.0,590500
7.578626871109009,1182.0,152.0,591000
7.3396689891815186,1183.0,31.0,591500
7.345751762390137,1184.0,127.0,592000
7.293264150619507,1185.0,235.0,592500
7.226348161697388,1186.0,307.0,593000
7.242261171340942,1187.0,60.0,593500
7.378957748413086,1188.0,144.0,594000
7.828852891921997,1189.0,98.0,594500
8.238517045974731,1190.0,253.0,595000
7.322697877883911,1191.0,245.0,595500
7.879348039627075,1192.0,248.0,596000
7.268669843673706,1193.0,119.0,596500
7.194907188415527,1194.0,113.0,597000
7.21623969078064,1195.0,183.0,597500
7.2246479988098145,1196.0,125.0,598000
7.180582046508789,1197.0,121.0,598500
7.23227596282959,1198.0,160.0,599000
7.292379856109619,1199.0,230.0,599500
7.346459865570068,1200.0,228.0,600000
7.245457172393799,1201.0,280.0,600500
7.281743049621582,1202.0,254.0,601000
7.178653001785278,1203.0,140.0,601500
7.205950021743774,1204.0,165.0,602000
7.26129674911499,1205.0,148.0,602500
7.25983190536499,1206.0,171.0,603000
7.495008945465088,1207.0,81.0,603500
7.45249605178833,1208.0,107.0,604000
7.465698003768921,1209.0,51.0,604500
7.530328989028931,1210.0,45.0,605000
7.464193105697632,1211.0,120.0,605500
7.557438850402832,1212.0,98.0,606000
7.568593740463257,1213.0,203.0,606500
7.4289710521698,1214.0,193.0,607000
7.2368810176849365,1215.0,170.0,607500
7.257628917694092,1216.0,194.0,608000
7.244735956192017,1217.0,213.0,608500
7.227128028869629,1218.0,216.0,609000
7.186860084533691,1219.0,142.0,609500
7.663301944732666,1220.0,154.0,610000
9.103410243988037,1221.0,141.0,610500
7.462558031082153,1222.0,121.0,611000
7.29008412361145,1223.0,175.0,611500
7.751016139984131,1224.0,128.0,612000
7.250076055526733,1225.0,67.0,612500
7.523052930831909,1226.0,196.0,613000
7.2985289096832275,1227.0,187.0,613500
7.190165996551514,1228.0,125.0,614000
7.156704902648926,1229.0,78.0,614500
7.141757965087891,1230.0,173.0,615000
7.10004997253418,1231.0,217.0,615500
7.1017749309539795,1232.0,138.0,616000
7.079262018203735,1233.0,157.0,616500
7.312692880630493,1234.0,86.0,617000
7.462839126586914,1235.0,45.0,617500
7.3463428020477295,1236.0,84.0,618000
7.1433799266815186,1237.0,125.0,618500
7.064457893371582,1238.0,69.0,619000
7.30443811416626,1239.0,100.0,619500
7.483551025390625,1240.0,137.0,620000
7.113020181655884,1241.0,126.0,620500
7.2360029220581055,1242.0,106.0,621000
7.069198846817017,1243.0,124.0,621500
7.3744237422943115,1244.0,164.0,622000
7.3525402545928955,1245.0,117.0,622500
7.487939834594727,1246.0,133.0,623000
7.383188247680664,1247.0,163.0,623500
7.399985074996948,1248.0,235.0,624000
7.3986968994140625,1249.0,158.0,624500
7.446764945983887,1250.0,88.0,625000
7.225306034088135,1251.0,170.0,625500
7.263244152069092,1252.0,94.0,626000
7.155048131942749,1253.0,70.0,626500
7.237489938735962,1254.0,197.0,627000
7.47821307182312,1255.0,93.0,627500
7.426445007324219,1256.0,150.0,628000
7.350157976150513,1257.0,201.0,628500
7.489587068557739,1258.0,79.0,629000
7.412140846252441,1259.0,198.0,629500
7.406722068786621,1260.0,45.0,630000
7.162785053253174,1261.0,195.0,630500
7.114056825637817,1262.0,228.0,631000
7.207755088806152,1263.0,137.0,631500
7.107351064682007,1264.0,88.0,632000
7.1281092166900635,1265.0,217.0,632500
7.149132966995239,1266.0,224.0,633000
7.329971075057983,1267.0,106.0,633500
7.356918096542358,1268.0,21.0,634000
7.435577869415283,1269.0,46.0,634500
7.452133893966675,1270.0,87.0,635000
7.3978729248046875,1271.0,212.0,635500
7.432817220687866,1272.0,236.0,636000
7.48710298538208,1273.0,247.0,636500
7.4497010707855225,1274.0,43.0,637000
7.355350017547607,1275.0,71.0,637500
7.406981945037842,1276.0,21.0,638000
7.363822937011719,1277.0,121.0,638500
7.121138334274292,1278.0,265.0,639000
7.3383870124816895,1279.0,152.0,639500
7.348604202270508,1280.0,203.0,640000
7.143688201904297,1281.0,223.0,640500
7.576269149780273,1282.0,60.0,641000
7.529058218002319,1283.0,219.0,641500
7.581010818481445,1284.0,21.0,642000
7.556505918502808,1285.0,111.0,642500
7.5526628494262695,1286.0,85.0,643000
7.565799951553345,1287.0,149.0,643500
7.480989933013916,1288.0,160.0,644000
7.233155965805054,1289.0,34.0,644500
7.094797849655151,1290.0,18.0,645000
7.102936744689941,1291.0,23.0,645500
7.562429189682007,1292.0,21.0,646000
7.182343006134033,1293.0,52.0,646500
7.103431940078735,1294.0,76.0,647000
7.0873191356658936,1295.0,65.0,647500
7.126887083053589,1296.0,114.0,648000
7.2641191482543945,1297.0,31.0,648500
7.449905157089233,1298.0,156.0,649000
7.402498245239258,1299.0,117.0,649500
7.4276509284973145,1300.0,232.0,650000
7.184821128845215,1301.0,217.0,650500
7.151411056518555,1302.0,202.0,651000
7.177816152572632,1303.0,180.0,651500
7.111846923828125,1304.0,186.0,652000
7.194675922393799,1305.0,176.0,652500
7.395810127258301,1306.0,197.0,653000
7.421207904815674,1307.0,107.0,653500
7.483147859573364,1308.0,15.0,654000
7.376914024353027,1309.0,144.0,654500
7.3474280834198,1310.0,15.0,655000
7.295232057571411,1311.0,15.0,655500
7.11040186882019,1312.0,40.0,656000
7.129903793334961,1313.0,200.0,656500
7.401834011077881,1314.0,201.0,657000
7.546451091766357,1315.0,221.0,657500
7.173872947692871,1316.0,32.0,658000
7.084773063659668,1317.0,183.0,658500
7.153071880340576,1318.0,102.0,659000
7.337594032287598,1319.0,209.0,659500
7.206460952758789,1320.0,228.0,660000
7.1676390171051025,1321.0,167.0,660500
7.302399158477783,1322.0,124.0,661000
7.415373086929321,1323.0,258.0,661500
7.388866186141968,1324.0,272.0,662000
7.419908285140991,1325.0,235.0,662500
7.585510015487671,1326.0,135.0,663000
7.105208158493042,1327.0,106.0,663500
7.354460954666138,1328.0,202.0,664000
7.37985897064209,1329.0,150.0,664500
7.301708936691284,1330.0,233.0,665000
7.159343242645264,1331.0,252.0,665500
7.116859197616577,1332.0,223.0,666000
7.1520819664001465,1333.0,245.0,666500
7.246692895889282,1334.0,177.0,667000
7.289821147918701,1335.0,213.0,667500
7.069750070571899,1336.0,207.0,668000
7.413957834243774,1337.0,183.0,668500
7.465101003646851,1338.0,241.0,669000
7.206275939941406,1339.0,205.0,669500
7.234019041061401,1340.0,213.0,670000
7.1750102043151855,1341.0,180.0,670500
7.114002227783203,1342.0,259.0,671000
7.398144960403442,1343.0,166.0,671500
7.144685983657837,1344.0,179.0,672000
7.25685715675354,1345.0,218.0,672500
7.2203528881073,1346.0,226.0,673000
7.420559883117676,1347.0,264.0,673500
7.419477224349976,1348.0,223.0,674000
7.4675352573394775,1349.0,186.0,674500
7.422032117843628,1350.0,195.0,675000
7.399587154388428,1351.0,240.0,675500
7.546690940856934,1352.0,103.0,676000
7.230877161026001,1353.0,110.0,676500
7.127060890197754,1354.0,210.0,677000
7.384814739227295,1355.0,252.0,677500
7.355098009109497,1356.0,221.0,678000
7.373987674713135,1357.0,279.0,678500
7.144229888916016,1358.0,266.0,679000
7.136088132858276,1359.0,246.0,679500
7.173902273178101,1360.0,217.0,680000
7.226825952529907,1361.0,281.0,680500
7.156764984130859,1362.0,204.0,681000
7.443070888519287,1363.0,252.0,681500
7.0940423011779785,1364.0,267.0,682000
7.735882997512817,1365.0,253.0,682500
7.30990195274353,1366.0,195.0,683000
7.255383729934692,1367.0,171.0,683500
7.178797006607056,1368.0,137.0,684000
7.140136241912842,1369.0,45.0,684500
6.988173007965088,1370.0,262.0,685000
7.152395009994507,1371.0,50.0,685500
7.220367193222046,1372.0,159.0,686000
7.373538255691528,1373.0,189.0,686500
7.475379943847656,1374.0,276.0,687000
7.384559869766235,1375.0,246.0,687500
7.464830160140991,1376.0,273.0,688000
7.390031814575195,1377.0,191.0,688500
7.542393207550049,1378.0,231.0,689000
7.846728801727295,1379.0,289.0,689500
7.8112170696258545,1380.0,279.0,690000
7.653825998306274,1381.0,134.0,690500
7.591976881027222,1382.0,282.0,691000
7.158216953277588,1383.0,256.0,691500
7.123261213302612,1384.0,281.0,692000
7.1545090675354,1385.0,267.0,692500
7.151353120803833,1386.0,232.0,693000
7.07825779914856,1387.0,239.0,693500
7.062434911727905,1388.0,297.0,694000
7.205999135971069,1389.0,275.0,694500
7.052767038345337,1390.0,216.0,695000
7.113731861114502,1391.0,260.0,695500
7.280678987503052,1392.0,241.0,696000
7.401538133621216,1393.0,114.0,696500
7.373967885971069,1394.0,186.0,697000
7.404813051223755,1395.0,229.0,697500
7.394973278045654,1396.0,241.0,698000
7.4061219692230225,1397.0,236.0,698500
7.450353145599365,1398.0,282.0,699000
7.413949966430664,1399.0,241.0,699500
7.172634124755859,1400.0,234.0,700000
7.181940317153931,1401.0,236.0,700500
7.153263807296753,1402.0,221.0,701000
7.199069023132324,1403.0,305.0,701500
7.443643808364868,1404.0,244.0,702000
7.37944221496582,1405.0,238.0,702500
7.373915910720825,1406.0,248.0,703000
7.495296001434326,1407.0,227.0,703500
7.416217088699341,1408.0,219.0,704000
7.4587860107421875,1409.0,244.0,704500
7.345752716064453,1410.0,202.0,705000
7.097464084625244,1411.0,216.0,705500
7.082500696182251,1412.0,209.0,706000
7.411110877990723,1413.0,250.0,706500
7.407437086105347,1414.0,202.0,707000
7.6164960861206055,1415.0,276.0,707500
7.406681776046753,1416.0,223.0,708000
7.370852947235107,1417.0,270.0,708500
7.379999160766602,1418.0,212.0,709000
7.393955945968628,1419.0,242.0,709500
7.4214091300964355,1420.0,226.0,710000
7.216230869293213,1421.0,247.0,710500
7.55750298500061,1422.0,277.0,711000
7.596710920333862,1423.0,217.0,711500
7.692765235900879,1424.0,158.0,712000
7.571252822875977,1425.0,178.0,712500
7.680967092514038,1426.0,230.0,713000
7.576048851013184,1427.0,216.0,713500
7.372875213623047,1428.0,255.0,714000
7.350265979766846,1429.0,197.0,714500
7.4038121700286865,1430.0,44.0,715000
7.369498014450073,1431.0,240.0,715500
7.317738056182861,1432.0,220.0,716000
7.149599313735962,1433.0,232.0,716500
7.198068141937256,1434.0,268.0,717000
7.107259035110474,1435.0,266.0,717500
7.191350936889648,1436.0,147.0,718000
7.106455087661743,1437.0,299.0,718500
7.355186939239502,1438.0,252.0,719000
7.563675880432129,1439.0,301.0,719500
7.375486373901367,1440.0,278.0,720000
7.268590927124023,1441.0,201.0,720500
7.138154983520508,1442.0,247.0,721000
7.503147840499878,1443.0,289.0,721500
7.151654243469238,1444.0,161.0,722000
7.1105170249938965,1445.0,219.0,722500
7.395601749420166,1446.0,225.0,723000
7.2537147998809814,1447.0,87.0,723500
7.152872800827026,1448.0,186.0,724000
7.17707896232605,1449.0,121.0,724500
7.111467123031616,1450.0,102.0,725000
7.113518953323364,1451.0,136.0,725500
7.256312131881714,1452.0,163.0,726000
7.1350719928741455,1453.0,143.0,726500
7.076726913452148,1454.0,148.0,727000
7.1244988441467285,1455.0,95.0,727500
7.138099908828735,1456.0,260.0,728000
7.13700795173645,1457.0,253.0,728500
7.371105194091797,1458.0,123.0,729000
7.413100719451904,1459.0,124.0,729500
7.580361843109131,1460.0,223.0,730000
7.2459189891815186,1461.0,131.0,730500
7.247309684753418,1462.0,172.0,731000
7.299033880233765,1463.0,149.0,731500
7.138763904571533,1464.0,225.0,732000
7.188604831695557,1465.0,217.0,732500
7.16845178604126,1466.0,246.0,733000
7.3359410762786865,1467.0,259.0,733500
7.223971843719482,1468.0,207.0,734000
7.159829139709473,1469.0,128.0,734500
7.2322328090667725,1470.0,217.0,735000
7.0845959186553955,1471.0,178.0,735500
7.094601392745972,1472.0,305.0,736000
7.0737998485565186,1473.0,233.0,736500
7.115002870559692,1474.0,9.0,737000
7.150093078613281,1475.0,268.0,737500
7.146223783493042,1476.0,186.0,738000
7.350764036178589,1477.0,170.0,738500
7.538597822189331,1478.0,79.0,739000
7.331921100616455,1479.0,210.0,739500
7.163046836853027,1480.0,212.0,740000
7.21950888633728,1481.0,169.0,740500
7.1345601081848145,1482.0,244.0,741000
7.1531572341918945,1483.0,314.0,741500
7.365392208099365,1484.0,287.0,742000
7.3165130615234375,1485.0,148.0,742500
7.137683868408203,1486.0,205.0,743000
7.317127227783203,1487.0,226.0,743500
7.417140007019043,1488.0,167.0,744000
7.613339900970459,1489.0,234.0,744500
7.770925045013428,1490.0,254.0,745000
7.815583944320679,1491.0,212.0,745500
7.795010805130005,1492.0,269.0,746000
7.798788070678711,1493.0,330.0,746500
7.587085247039795,1494.0,290.0,747000
7.537152051925659,1495.0,263.0,747500
7.422583818435669,1496.0,327.0,748000
7.159109115600586,1497.0,333.0,748500
7.124402761459351,1498.0,135.0,749000
7.275371074676514,1499.0,262.0,749500
7.227370023727417,1500.0,332.0,750000
7.429187297821045,1501.0,313.0,750500
7.157628059387207,1502.0,272.0,751000
7.1527488231658936,1503.0,248.0,751500
7.135388135910034,1504.0,185.0,752000
7.095544099807739,1505.0,305.0,752500
7.31033992767334,1506.0,240.0,753000
7.408813714981079,1507.0,51.0,753500
7.4158618450164795,1508.0,125.0,754000
7.44033408164978,1509.0,244.0,754500
7.380872011184692,1510.0,240.0,755000
7.364297866821289,1511.0,268.0,755500
7.561629056930542,1512.0,280.0,756000
7.3381876945495605,1513.0,287.0,756500
7.186753034591675,1514.0,231.0,757000
7.23332405090332,1515.0,263.0,757500
7.217591047286987,1516.0,228.0,758000
7.059536933898926,1517.0,245.0,758500
7.19104790687561,1518.0,275.0,759000
7.164313077926636,1519.0,237.0,759500
7.3390867710113525,1520.0,216.0,760000
7.22339129447937,1521.0,216.0,760500
7.469651222229004,1522.0,228.0,761000
7.161799907684326,1523.0,225.0,761500
7.070289134979248,1524.0,260.0,762000
7.3236541748046875,1525.0,87.0,762500
7.211421966552734,1526.0,207.0,763000
7.167908191680908,1527.0,230.0,763500
7.165005922317505,1528.0,254.0,764000
7.0591559410095215,1529.0,235.0,764500
7.082370042800903,1530.0,301.0,765000
7.254204988479614,1531.0,274.0,765500
7.105316162109375,1532.0,232.0,766000
7.055499076843262,1533.0,302.0,766500
7.332648992538452,1534.0,264.0,767000
7.384368896484375,1535.0,237.0,767500
7.351792097091675,1536.0,278.0,768000
7.391796112060547,1537.0,226.0,768500
7.463018894195557,1538.0,260.0,769000
7.491971969604492,1539.0,193.0,769500
7.152818918228149,1540.0,279.0,770000
7.267404079437256,1541.0,257.0,770500
7.174844026565552,1542.0,280.0,771000
7.204755783081055,1543.0,213.0,771500
7.399958848953247,1544.0,276.0,772000
7.454375982284546,1545.0,278.0,772500
7.565613031387329,1546.0,224.0,773000
7.430702209472656,1547.0,232.0,773500
7.64346981048584,1548.0,225.0,774000
12.319403886795044,1549.0,134.0,774500
7.776153087615967,1550.0,190.0,775000
9.149277925491333,1551.0,204.0,775500
9.603920936584473,1552.0,258.0,776000
8.310714960098267,1553.0,209.0,776500
7.957094192504883,1554.0,243.0,777000
8.507414102554321,1555.0,130.0,777500
7.950417757034302,1556.0,131.0,778000
7.9534478187561035,1557.0,293.0,778500
8.880331993103027,1558.0,151.0,779000
9.42685079574585,1559.0,90.0,779500
8.240376949310303,1560.0,206.0,780000
8.481780052185059,1561.0,12.0,780500
8.21195387840271,1562.0,205.0,781000
8.35265302658081,1563.0,245.0,781500
8.600956916809082,1564.0,181.0,782000
7.713657855987549,1565.0,215.0,782500
7.951814889907837,1566.0,244.0,783000
7.303790807723999,1567.0,199.0,783500
7.372007846832275,1568.0,128.0,784000
7.496142148971558,1569.0,117.0,784500
7.549184083938599,1570.0,179.0,785000
7.758664131164551,1571.0,254.0,785500
7.732064962387085,1572.0,109.0,786000
7.816314697265625,1573.0,155.0,786500
8.107326030731201,1574.0,194.0,787000
11.770061016082764,1575.0,145.0,787500
8.010651350021362,1576.0,157.0,788000
7.477446794509888,1577.0,188.0,788500
7.6894309520721436,1578.0,147.0,789000
7.519535064697266,1579.0,249.0,789500
8.031308650970459,1580.0,139.0,790000
8.66477918624878,1581.0,275.0,790500
9.420949697494507,1582.0,194.0,791000
8.106684923171997,1583.0,239.0,791500
7.434482097625732,1584.0,261.0,792000
7.6009509563446045,1585.0,202.0,792500
7.589483022689819,1586.0,177.0,793000
7.421615123748779,1587.0,196.0,793500
7.452006816864014,1588.0,253.0,794000
8.08989691734314,1589.0,222.0,794500
10.300212860107422,1590.0,187.0,795000
9.036687850952148,1591.0,243.0,795500
7.773489952087402,1592.0,133.0,796000
7.680102109909058,1593.0,158.0,796500
8.77303409576416,1594.0,184.0,797000
8.890392065048218,1595.0,122.0,797500
8.881467819213867,1596.0,225.0,798000
8.230494976043701,1597.0,204.0,798500
8.759490966796875,1598.0,282.0,799000
8.86495304107666,1599.0,116.0,799500
8.39658498764038,1600.0,193.0,800000
7.542340993881226,1601.0,192.0,800500
7.179384708404541,1602.0,287.0,801000
7.799827814102173,1603.0,235.0,801500
7.928907155990601,1604.0,159.0,802000
7.717292785644531,1605.0,257.0,802500
7.378167152404785,1606.0,247.0,803000
7.7361671924591064,1607.0,285.0,803500
7.37086296081543,1608.0,292.0,804000
7.336764812469482,1609.0,232.0,804500
7.815496921539307,1610.0,310.0,805000
7.88963508605957,1611.0,294.0,805500
7.590788841247559,1612.0,197.0,806000
7.697170972824097,1613.0,305.0,806500
7.632267713546753,1614.0,296.0,807000
7.6480278968811035,1615.0,208.0,807500
7.5753538608551025,1616.0,302.0,808000
7.386351823806763,1617.0,258.0,808500
7.573984861373901,1618.0,231.0,809000
7.702948808670044,1619.0,209.0,809500
7.760739088058472,1620.0,178.0,810000
7.975458860397339,1621.0,255.0,810500
7.8160388469696045,1622.0,289.0,811000
7.745497703552246,1623.0,223.0,811500
7.959746837615967,1624.0,240.0,812000
8.514771938323975,1625.0,232.0,812500
8.203124046325684,1626.0,240.0,813000
8.42847228050232,1627.0,302.0,813500
7.8748579025268555,1628.0,234.0,814000
7.861537933349609,1629.0,97.0,814500
7.726123094558716,1630.0,257.0,815000
7.616709232330322,1631.0,266.0,815500
7.309316158294678,1632.0,283.0,816000
7.261469125747681,1633.0,332.0,816500
7.350604057312012,1634.0,270.0,817000
7.297604084014893,1635.0,297.0,817500
7.284488201141357,1636.0,229.0,818000
7.24931788444519,1637.0,241.0,818500
7.283574104309082,1638.0,267.0,819000
7.329816102981567,1639.0,298.0,819500
7.319861888885498,1640.0,255.0,820000
7.18600606918335,1641.0,306.0,820500
7.326153993606567,1642.0,292.0,821000
7.269480228424072,1643.0,273.0,821500
7.051720142364502,1644.0,275.0,822000
7.294378995895386,1645.0,311.0,822500
7.410908937454224,1646.0,254.0,823000
7.143686771392822,1647.0,303.0,823500
7.1159820556640625,1648.0,248.0,824000
7.650183200836182,1649.0,267.0,824500
7.679758071899414,1650.0,187.0,825000
7.609399080276489,1651.0,185.0,825500
7.954919815063477,1652.0,210.0,826000
7.620731830596924,1653.0,294.0,826500
7.647456884384155,1654.0,215.0,827000
7.708574295043945,1655.0,116.0,827500
9.862080812454224,1656.0,141.0,828000
7.303040027618408,1657.0,120.0,828500
7.241969108581543,1658.0,186.0,829000
7.218968152999878,1659.0,203.0,829500
7.258462905883789,1660.0,216.0,830000
7.240230083465576,1661.0,192.0,830500
7.708573818206787,1662.0,210.0,831000
7.517263889312744,1663.0,235.0,831500
7.810373067855835,1664.0,217.0,832000
8.469444036483765,1665.0,261.0,832500
8.790036916732788,1666.0,210.0,833000
7.405234098434448,1667.0,215.0,833500
7.3870813846588135,1668.0,256.0,834000
7.9701619148254395,1669.0,226.0,834500
7.387655973434448,1670.0,231.0,835000
7.361594915390015,1671.0,226.0,835500
7.3585569858551025,1672.0,229.0,836000
7.324725866317749,1673.0,208.0,836500
7.352914810180664,1674.0,223.0,837000
7.349310874938965,1675.0,234.0,837500
7.285022974014282,1676.0,237.0,838000
7.373361349105835,1677.0,285.0,838500
7.494441986083984,1678.0,236.0,839000
7.486304998397827,1679.0,246.0,839500
7.40769100189209,1680.0,226.0,840000
7.490590810775757,1681.0,208.0,840500
7.302199840545654,1682.0,206.0,841000
7.337202787399292,1683.0,201.0,841500
7.303321123123169,1684.0,221.0,842000
7.627274036407471,1685.0,240.0,842500
7.320888042449951,1686.0,217.0,843000
7.3965981006622314,1687.0,229.0,843500
7.352231979370117,1688.0,223.0,844000
7.319249153137207,1689.0,215.0,844500
7.557708978652954,1690.0,205.0,845000
7.326754093170166,1691.0,258.0,845500
7.352648973464966,1692.0,257.0,846000
7.372288942337036,1693.0,250.0,846500
7.414345979690552,1694.0,165.0,847000
7.399847030639648,1695.0,188.0,847500
7.6628148555755615,1696.0,292.0,848000
8.166223287582397,1697.0,229.0,848500
7.8534910678863525,1698.0,241.0,849000
7.587536334991455,1699.0,275.0,849500
7.5987489223480225,1700.0,213.0,850000
7.799065113067627,1701.0,297.0,850500
7.656682729721069,1702.0,269.0,851000
7.61454176902771,1703.0,291.0,851500
7.620532035827637,1704.0,226.0,852000
7.680207967758179,1705.0,261.0,852500
7.645276784896851,1706.0,202.0,853000
7.649205923080444,1707.0,279.0,853500
7.599570274353027,1708.0,223.0,854000
7.616597890853882,1709.0,243.0,854500
7.640550851821899,1710.0,258.0,855000
7.6238837242126465,1711.0,220.0,855500
7.583626985549927,1712.0,300.0,856000
7.761131048202515,1713.0,309.0,856500
7.24832010269165,1714.0,286.0,857000
7.453479051589966,1715.0,305.0,857500
7.571148872375488,1716.0,295.0,858000
8.100919246673584,1717.0,308.0,858500
7.750665903091431,1718.0,303.0,859000
7.598026990890503,1719.0,317.0,859500
7.6966259479522705,1720.0,275.0,860000
7.597356081008911,1721.0,106.0,860500
7.642755746841431,1722.0,261.0,861000
7.584714889526367,1723.0,255.0,861500
7.673512935638428,1724.0,208.0,862000
7.684545993804932,1725.0,179.0,862500
7.632140874862671,1726.0,179.0,863000
7.745419979095459,1727.0,205.0,863500
7.771904945373535,1728.0,220.0,864000
7.70098090171814,1729.0,166.0,864500
7.672566175460815,1730.0,298.0,865000
7.643924236297607,1731.0,289.0,865500
7.622856855392456,1732.0,158.0,866000
7.607913970947266,1733.0,245.0,866500
7.612084865570068,1734.0,46.0,867000
7.734234809875488,1735.0,286.0,867500
7.645179271697998,1736.0,129.0,868000
7.619900226593018,1737.0,298.0,868500
7.771608114242554,1738.0,275.0,869000
7.630403280258179,1739.0,280.0,869500
7.666078805923462,1740.0,199.0,870000
7.6738200187683105,1741.0,145.0,870500
7.66972804069519,1742.0,228.0,871000
7.67432975769043,1743.0,238.0,871500
7.596776008605957,1744.0,220.0,872000
7.695338010787964,1745.0,196.0,872500
7.618249416351318,1746.0,172.0,873000
7.601222991943359,1747.0,37.0,873500
7.650094032287598,1748.0,181.0,874000
7.6196630001068115,1749.0,60.0,874500
7.644891262054443,1750.0,41.0,875000
7.616152048110962,1751.0,110.0,875500
7.670135021209717,1752.0,124.0,876000
7.796626091003418,1753.0,58.0,876500
7.665855884552002,1754.0,173.0,877000
7.630676984786987,1755.0,184.0,877500
7.955918073654175,1756.0,168.0,878000
7.950239181518555,1757.0,189.0,878500
7.909276247024536,1758.0,91.0,879000
7.993393182754517,1759.0,89.0,879500
8.046105861663818,1760.0,144.0,880000
7.771867990493774,1761.0,212.0,880500
7.835848808288574,1762.0,95.0,881000
7.765856027603149,1763.0,113.0,881500
7.963752269744873,1764.0,84.0,882000
7.674705743789673,1765.0,166.0,882500
7.772684574127197,1766.0,227.0,883000
7.74263596534729,1767.0,233.0,883500
7.717233180999756,1768.0,132.0,884000
7.833086252212524,1769.0,223.0,884500
7.792831897735596,1770.0,105.0,885000
7.776175022125244,1771.0,124.0,885500
7.746764183044434,1772.0,147.0,886000
7.850536346435547,1773.0,223.0,886500
7.733227014541626,1774.0,190.0,887000
7.714287757873535,1775.0,255.0,887500
7.745489120483398,1776.0,66.0,888000
7.806236028671265,1777.0,269.0,888500
7.876477003097534,1778.0,220.0,889000
7.71937370300293,1779.0,279.0,889500
7.746088981628418,1780.0,167.0,890000
7.224020957946777,1781.0,234.0,890500
7.279283046722412,1782.0,241.0,891000
7.812267065048218,1783.0,115.0,891500
7.844442844390869,1784.0,254.0,892000
7.694643974304199,1785.0,235.0,892500
7.607027769088745,1786.0,155.0,893000
7.670044183731079,1787.0,214.0,893500
7.664249897003174,1788.0,266.0,894000
7.719433069229126,1789.0,253.0,894500
7.855976104736328,1790.0,269.0,895000
7.68909215927124,1791.0,228.0,895500
7.662035942077637,1792.0,103.0,896000
7.755697011947632,1793.0,303.0,896500
7.692369222640991,1794.0,234.0,897000
7.891446828842163,1795.0,223.0,897500
7.681741952896118,1796.0,192.0,898000
7.332738876342773,1797.0,239.0,898500
7.45444917678833,1798.0,289.0,899000
7.6075239181518555,1799.0,237.0,899500
7.609363317489624,1800.0,243.0,900000
8.255056858062744,1801.0,208.0,900500
7.882640838623047,1802.0,297.0,901000
7.6458940505981445,1803.0,222.0,901500
7.705654144287109,1804.0,251.0,902000
7.6580259799957275,1805.0,219.0,902500
7.640839099884033,1806.0,214.0,903000
7.630119800567627,1807.0,136.0,903500
7.765959978103638,1808.0,215.0,904000
7.675776958465576,1809.0,148.0,904500
7.674286842346191,1810.0,203.0,905000
7.674986124038696,1811.0,128.0,905500
7.66884183883667,1812.0,114.0,906000
7.6746790409088135,1813.0,143.0,906500
7.751950025558472,1814.0,187.0,907000
7.747247934341431,1815.0,161.0,907500
7.767486095428467,1816.0,250.0,908000
7.864105939865112,1817.0,192.0,908500
7.773797273635864,1818.0,173.0,909000
7.779848098754883,1819.0,178.0,909500
7.812161684036255,1820.0,189.0,910000
7.768919944763184,1821.0,221.0,910500
7.6819353103637695,1822.0,237.0,911000
7.239722967147827,1823.0,188.0,911500
8.120949983596802,1824.0,189.0,912000
7.897045135498047,1825.0,212.0,912500
7.818659067153931,1826.0,233.0,913000
7.911041021347046,1827.0,224.0,913500
7.7006590366363525,1828.0,190.0,914000
7.730888843536377,1829.0,214.0,914500
7.85857892036438,1830.0,217.0,915000
7.8186938762664795,1831.0,214.0,915500
8.006484985351562,1832.0,199.0,916000
7.967483997344971,1833.0,225.0,916500
7.686125040054321,1834.0,196.0,917000
7.463343143463135,1835.0,201.0,917500
7.25488805770874,1836.0,182.0,918000
7.399918794631958,1837.0,203.0,918500
7.180163145065308,1838.0,183.0,919000
7.194713115692139,1839.0,201.0,919500
7.201828718185425,1840.0,93.0,920000
7.389894247055054,1841.0,177.0,920500
7.472952842712402,1842.0,204.0,921000
7.861050128936768,1843.0,214.0,921500
7.706398963928223,1844.0,166.0,922000
7.6324851512908936,1845.0,88.0,922500
7.78202486038208,1846.0,53.0,923000
7.966091871261597,1847.0,146.0,923500
12.3468017578125,1848.0,42.0,924000
7.7239670753479,1849.0,69.0,924500
7.693197011947632,1850.0,69.0,925000
7.823609113693237,1851.0,9.0,925500
7.655799150466919,1852.0,200.0,926000
8.19894814491272,1853.0,63.0,926500
7.657683849334717,1854.0,88.0,927000
7.707677841186523,1855.0,44.0,927500
7.707090854644775,1856.0,134.0,928000
7.709691047668457,1857.0,130.0,928500
7.6858320236206055,1858.0,154.0,929000
8.156769752502441,1859.0,187.0,929500
7.910254001617432,1860.0,164.0,930000
7.850375175476074,1861.0,70.0,930500
7.6894636154174805,1862.0,218.0,931000
7.827415943145752,1863.0,112.0,931500
7.824079275131226,1864.0,146.0,932000
7.729991912841797,1865.0,59.0,932500
7.731784820556641,1866.0,151.0,933000
7.3855140209198,1867.0,173.0,933500
7.3633270263671875,1868.0,168.0,934000
7.165849208831787,1869.0,158.0,934500
7.969208240509033,1870.0,214.0,935000
7.826671838760376,1871.0,95.0,935500
7.726632833480835,1872.0,79.0,936000
8.188027143478394,1873.0,181.0,936500
7.3124260902404785,1874.0,187.0,937000
7.152452707290649,1875.0,182.0,937500
7.378187894821167,1876.0,60.0,938000
7.6221771240234375,1877.0,63.0,938500
7.401071786880493,1878.0,176.0,939000
7.628885984420776,1879.0,188.0,939500
7.406781911849976,1880.0,189.0,940000
7.512220144271851,1881.0,175.0,940500
7.080499887466431,1882.0,187.0,941000
7.255904912948608,1883.0,133.0,941500
7.128612995147705,1884.0,79.0,942000
7.371246099472046,1885.0,197.0,942500
7.398741722106934,1886.0,134.0,943000
7.30734395980835,1887.0,177.0,943500
7.237973928451538,1888.0,210.0,944000
7.335535049438477,1889.0,211.0,944500
7.457791090011597,1890.0,199.0,945000
7.402369022369385,1891.0,208.0,945500
7.332953214645386,1892.0,168.0,946000
7.405322074890137,1893.0,169.0,946500
7.3899619579315186,1894.0,201.0,947000
7.331094980239868,1895.0,149.0,947500
7.3783180713653564,1896.0,218.0,948000
7.278980255126953,1897.0,197.0,948500
7.340591907501221,1898.0,147.0,949000
7.3200671672821045,1899.0,124.0,949500
7.517174005508423,1900.0,252.0,950000
7.451869964599609,1901.0,225.0,950500
7.4007110595703125,1902.0,196.0,951000
7.38758111000061,1903.0,178.0,951500
7.519168138504028,1904.0,74.0,952000
7.529080867767334,1905.0,88.0,952500
7.490575075149536,1906.0,165.0,953000
7.500434875488281,1907.0,38.0,953500
7.563555717468262,1908.0,148.0,954000
7.635648727416992,1909.0,104.0,954500
7.4645068645477295,1910.0,118.0,955000
7.217803001403809,1911.0,154.0,955500
7.412381887435913,1912.0,146.0,956000
9.443504095077515,1913.0,98.0,956500
8.764056205749512,1914.0,96.0,957000
8.114944219589233,1915.0,92.0,957500
8.287884712219238,1916.0,170.0,958000
7.984448671340942,1917.0,196.0,958500
8.028485774993896,1918.0,221.0,959000
7.559776067733765,1919.0,223.0,959500
7.613675117492676,1920.0,163.0,960000
7.5945069789886475,1921.0,80.0,960500
8.31442403793335,1922.0,176.0,961000
7.65198278427124,1923.0,103.0,961500
7.4130542278289795,1924.0,191.0,962000
7.144605875015259,1925.0,184.0,962500
7.295790910720825,1926.0,225.0,963000
7.457650899887085,1927.0,221.0,963500
7.139251947402954,1928.0,180.0,964000
7.678884983062744,1929.0,152.0,964500
7.133687734603882,1930.0,182.0,965000
7.345388174057007,1931.0,207.0,965500
7.381659984588623,1932.0,152.0,966000
7.556700229644775,1933.0,221.0,966500
7.536894083023071,1934.0,200.0,967000
7.936811923980713,1935.0,75.0,967500
7.50682520866394,1936.0,193.0,968000
7.088958978652954,1937.0,0.0,968500
7.200676918029785,1938.0,0.0,969000
7.21402382850647,1939.0,130.0,969500
7.507108926773071,1940.0,138.0,970000
7.915910005569458,1941.0,154.0,970500
7.8125669956207275,1942.0,276.0,971000
7.884775876998901,1943.0,215.0,971500
7.763077259063721,1944.0,248.0,972000
7.753022193908691,1945.0,303.0,972500
7.753170967102051,1946.0,291.0,973000
7.913747072219849,1947.0,216.0,973500
7.997536897659302,1948.0,225.0,974000
7.75360894203186,1949.0,225.0,974500
7.724440813064575,1950.0,150.0,975000
7.446033000946045,1951.0,259.0,975500
7.212357044219971,1952.0,239.0,976000
7.730449914932251,1953.0,243.0,976500
7.151645183563232,1954.0,310.0,977000
7.226654052734375,1955.0,234.0,977500
7.3291990756988525,1956.0,239.0,978000
7.090619087219238,1957.0,312.0,978500
7.44088888168335,1958.0,315.0,979000
7.645538806915283,1959.0,168.0,979500
7.843040943145752,1960.0,276.0,980000
8.611299991607666,1961.0,208.0,980500
8.89063811302185,1962.0,196.0,981000
8.21729588508606,1963.0,221.0,981500
7.837221145629883,1964.0,171.0,982000
7.289101839065552,1965.0,199.0,982500
7.2181291580200195,1966.0,86.0,983000
7.539610147476196,1967.0,211.0,983500
7.2812910079956055,1968.0,50.0,984000
7.236341953277588,1969.0,87.0,984500
7.198122024536133,1970.0,164.0,985000
7.1823999881744385,1971.0,95.0,985500
7.5830841064453125,1972.0,56.0,986000
7.682667970657349,1973.0,178.0,986500
8.854363203048706,1974.0,111.0,987000
7.7401769161224365,1975.0,153.0,987500
7.2126970291137695,1976.0,121.0,988000
7.174771785736084,1977.0,133.0,988500
7.151160001754761,1978.0,106.0,989000
7.484374046325684,1979.0,140.0,989500
7.916187763214111,1980.0,125.0,990000
7.355589151382446,1981.0,132.0,990500
7.160975933074951,1982.0,130.0,991000
7.125462055206299,1983.0,39.0,991500
7.345891714096069,1984.0,42.0,992000
7.35673189163208,1985.0,39.0,992500
7.496726989746094,1986.0,152.0,993000
7.333410024642944,1987.0,93.0,993500
7.923111915588379,1988.0,6.0,994000
8.07384181022644,1989.0,102.0,994500
7.808352947235107,1990.0,78.0,995000
7.600682020187378,1991.0,133.0,995500
7.582530736923218,1992.0,89.0,996000
7.505729913711548,1993.0,105.0,996500
7.413234233856201,1994.0,84.0,997000
7.183459043502808,1995.0,84.0,997500
7.710455656051636,1996.0,92.0,998000
7.32912802696228,1997.0,83.0,998500
7.091979026794434,1998.0,113.0,999000
7.640662908554077,1999.0,107.0,999500
7.973190784454346,2000.0,246.0,1000000
