"episode","Group: Train_Rewards_simple_spread_if_load_meta:1 - _step","Group: Train_Rewards_simple_spread_if_load_meta:1 - _step__MIN","Group: Train_Rewards_simple_spread_if_load_meta:1 - _step__MAX","Group: Train_Rewards_simple_spread_if_load_meta:1 - train_rewards","Group: Train_Rewards_simple_spread_if_load_meta:1 - train_rewards__MIN","Group: Train_Rewards_simple_spread_if_load_meta:1 - train_rewards__MAX"
"1","1","1","1","-815.8366458173789","-1159.7077806780158","-489.9005861773102"
"2","3","3","3","-637.8098970295484","-874.09247404521","-535.5801241750414"
"3","5","5","5","-750.3127804327502","-1120.3094620285979","-513.531702812626"
"4","7","7","7","-915.9049699139774","-1370.702025259832","-557.8564765097861"
"5","9","9","9","-2115.3372403109634","-4297.040527679187","-973.9544874730963"
"6","11","11","11","-2877.4651144190793","-6088.662743925908","-841.4161364279012"
"7","13","13","13","-3936.0496157712782","-7111.88928132032","-804.9693000132048"
"8","15","15","15","-4209.5408508058445","-6666.79213224813","-2592.3270782443437"
"9","17","17","17","-4035.0590376199616","-7449.193163966895","-1106.8356034583403"
"10","19","19","19","-3727.8865433638484","-8661.583951795354","-1013.8130792978516"
"11","21","21","21","-3523.351647109138","-5746.684566030613","-1017.8786416014327"
"12","23","23","23","-3553.7198249011863","-6511.611816344484","-917.3812300225084"
"13","25","25","25","-3338.3649490973903","-5036.915377299306","-936.0085373168349"
"14","27","27","27","-5608.492622751516","-6962.993179854098","-4245.41927197274"
"15","29","29","29","-3844.012356370525","-6546.529615173256","-1397.9764129563534"
"16","31","31","31","-4099.72399409368","-4825.8774823183285","-3678.1500532542823"
"17","33","33","33","-3320.744975510986","-4515.883115569532","-1107.9764994037885"
"18","35","35","35","-1952.9498760511622","-2844.9925131395944","-1068.67263570572"
"19","37","37","37","-2299.0118952292687","-6584.419449506934","-844.3943174078869"
"20","39","39","39","-2518.747271843481","-6425.430716181687","-371.91160683213684"
"21","41","41","41","-2703.184726628355","-5229.032514786333","-379.16426963021485"
"22","43","43","43","-2411.1723522310326","-5217.219959457032","-440.89409135135054"
"23","45","45","45","-2691.6300587221513","-5021.526334668615","-639.5335268056037"
"24","47","47","47","-1838.4015223624428","-3266.931610885356","-486.73765158154646"
"25","49","49","49","-1472.6568893779252","-2510.449211256155","-394.4346520219017"
"26","51","51","51","-842.8278538967286","-1415.5021918327784","-411.863740566556"
"27","53","53","53","-695.113903077059","-1018.021416076652","-390.9556165000081"
"28","55","55","55","-692.1884828466006","-1006.0966421470698","-478.9499266650818"
"29","57","57","57","-670.6690678292118","-1146.1525648996828","-537.4104513964555"
"30","59","59","59","-854.6898052862146","-1564.0943963968177","-589.2206206696031"
"31","61","61","61","-804.462921181204","-1604.6223440619362","-405.34591684050093"
"32","63","63","63","-848.3488145966203","-1157.194266862989","-440.7228154930815"
"33","65","65","65","-678.2743715387899","-1005.6259063232495","-372.76042771273484"
"34","67","67","67","-554.8000079875324","-713.4660826335441","-315.0732946601702"
"35","69","69","69","-588.6074585714445","-684.7412781067746","-522.5633591582829"
"36","71","71","71","-511.67869794541474","-793.644306978676","-384.511014599941"
"37","73","73","73","-680.1076789434748","-1163.5101560206954","-291.17390250875224"
"38","75","75","75","-915.3726906527951","-1907.6291033851878","-397.4007047278075"
"39","77","77","77","-947.2918336323698","-2095.302477621394","-453.5252003895056"
"40","79","79","79","-808.0149492409887","-1220.5638492608505","-534.3850771560732"
"41","81","81","81","-564.5761267621278","-676.3386089738394","-472.89553241808716"
"42","83","83","83","-695.8506139896506","-1157.54764174666","-452.3165276585225"
"43","85","85","85","-715.0263578475493","-1302.3389633549361","-408.4712173881995"
"44","87","87","87","-670.8237390997677","-1424.5936807278038","-355.7452179737025"
"45","89","89","89","-674.6669950296282","-1204.6649519764844","-434.4449986334981"
"46","91","91","91","-614.4801112283118","-965.4015251290854","-389.3441055558918"
"47","93","93","93","-559.022370338914","-787.9967922978259","-361.3558536414624"
"48","95","95","95","-550.6608717112158","-719.403220142707","-425.00420373304553"
"49","97","97","97","-532.1464428722987","-646.7759385524637","-401.68402508977147"
"50","99","99","99","-545.6896663847785","-807.3175768731121","-397.0948090297003"
"51","101","101","101","-500.67124660732145","-692.8998439189605","-369.7813640757872"
"52","103","103","103","-460.1050298795064","-578.3754094847733","-383.3563386780471"
"53","105","105","105","-524.2255890366914","-695.7882892297396","-350.6750680720362"
"54","107","107","107","-476.10902251367025","-604.2335436443894","-381.3177120690399"
"55","109","109","109","-483.0848650769729","-685.8346612729907","-300.0452944150174"
"56","111","111","111","-527.1796111573401","-663.085725296536","-426.9889400196189"
"57","113","113","113","-532.379865948815","-663.2198867792321","-450.56865772538197"
"58","115","115","115","-450.13350860672324","-556.1725781043572","-387.1265878606997"
"59","117","117","117","-628.919870861895","-866.3432086474935","-417.63331594582326"
"60","119","119","119","-460.4648745106077","-568.1432789100804","-350.50082005925196"
"61","121","121","121","-459.92236758101063","-617.5030616004649","-396.9750432718794"
"62","123","123","123","-420.2660431662269","-439.68579638859404","-396.99266338070754"
"63","125","125","125","-485.5427170453224","-721.587777047071","-366.97237008160795"
"64","127","127","127","-633.3174772275005","-1085.022278957595","-361.28037595731166"
"65","129","129","129","-532.3674800212791","-1090.2581762583477","-305.548277372601"
"66","131","131","131","-730.6341493935375","-1456.5207913714714","-393.0502263547708"
"67","133","133","133","-673.8688324711429","-1015.3829908156873","-470.7262924535899"
"68","135","135","135","-565.6474094526869","-777.3357249158181","-389.01702652242074"
"69","137","137","137","-426.60288887668","-537.5785505683252","-347.02743815151393"
"70","139","139","139","-581.7877589052279","-950.0882340013591","-337.71217339059115"
"71","141","141","141","-540.7353595077748","-732.8894295798501","-340.8038850995892"
"72","143","143","143","-558.1251347343093","-662.9997342134591","-468.4088800035126"
"73","145","145","145","-469.329383056772","-763.4029709428505","-264.30055587870294"
"74","147","147","147","-464.42154754993663","-529.1229998281118","-427.1033033338887"
"75","149","149","149","-531.0911935888502","-682.3604858884431","-396.180594470564"
"76","151","151","151","-419.26298309287165","-673.5262759156025","-269.5031766907212"
"77","153","153","153","-549.4891605784849","-687.9557794629179","-362.47258263461947"
"78","155","155","155","-585.3658984878143","-926.7309598564236","-446.2359130997089"
"79","157","157","157","-516.2823551987634","-991.874136313309","-346.8240586327655"
"80","159","159","159","-567.1392924571762","-760.7493182386928","-376.51175365525114"
"81","161","161","161","-563.4268849076605","-808.2258214468038","-424.4367811008877"
"82","163","163","163","-470.7443518105658","-668.4115882800882","-375.77952799729695"
"83","165","165","165","-470.98405446349096","-626.9844841966569","-325.83064350234326"
"84","167","167","167","-553.2991878583268","-781.6859896580532","-359.290967242541"
"85","169","169","169","-475.51235952217104","-717.2642213082107","-337.4571640613311"
"86","171","171","171","-486.9465325540717","-736.4325084971973","-308.72545379327477"
"87","173","173","173","-565.4649104680436","-703.618309314112","-472.4608191459883"
"88","175","175","175","-511.1016525699125","-578.4136697479689","-424.8805897340727"
"89","177","177","177","-511.48158291187747","-638.7855381869292","-462.8297387093231"
"90","179","179","179","-522.6431634711056","-662.2948395988783","-433.4686275773612"
"91","181","181","181","-469.2573429655564","-571.484069203642","-385.1884686281987"
"92","183","183","183","-454.57070410544594","-599.7389797841925","-374.8042620392007"
"93","185","185","185","-424.2782386687635","-465.4744856483516","-371.9735259234808"
"94","187","187","187","-459.5687451488852","-605.9338269976892","-361.4403359324355"
"95","189","189","189","-476.13498477746043","-609.5688220744274","-287.78983638697633"
"96","191","191","191","-483.5186239083725","-525.2144665077202","-434.387338394504"
"97","193","193","193","-502.6780937923375","-588.2176645952073","-423.43620473161246"
"98","195","195","195","-424.8262736193989","-490.9740076738853","-347.93816306240194"
"99","197","197","197","-495.4169297815","-628.8130702224586","-289.1534561872254"
"100","199","199","199","-405.12078305223605","-483.0432424181501","-341.78262806409487"
"101","201","201","201","-460.9401075583228","-561.8204393367993","-335.79452849201317"
"102","203","203","203","-437.0877733563042","-527.692211051153","-375.36962145098306"
"103","205","205","205","-544.5075337266944","-641.6737388894921","-432.95587769355245"
"104","207","207","207","-510.7280188528237","-841.2896033325751","-292.1496835957534"
"105","209","209","209","-501.22105123338696","-687.6756089049777","-358.0976187250943"
"106","211","211","211","-505.5967955703645","-893.9551006424832","-391.8965761846419"
"107","213","213","213","-378.3924917113867","-437.9497391701704","-315.7414933202679"
"108","215","215","215","-437.6158670733312","-574.6462901390349","-328.3140269999344"
"109","217","217","217","-427.59606801121464","-497.18312507787186","-312.3894860812156"
"110","219","219","219","-468.26498733178187","-512.5073042758185","-394.99496763548905"
"111","221","221","221","-467.9711263977021","-591.5772608122849","-377.21005357562143"
"112","223","223","223","-512.4764730224772","-610.0279264076216","-445.606475794634"
"113","225","225","225","-444.6938008605466","-572.0979663801796","-325.98363485679425"
"114","227","227","227","-512.5108867314126","-814.2586774878595","-303.05220888972036"
"115","229","229","229","-476.3074445909968","-616.6327097278859","-350.7831397614858"
"116","231","231","231","-405.2027809443241","-550.9175162365557","-296.31599531492975"
"117","233","233","233","-451.75425212096724","-619.6914149162637","-325.2978052606408"
"118","235","235","235","-420.8931868355784","-495.79626372621317","-288.5072593239665"
"119","237","237","237","-433.3580891151135","-567.4475792624216","-339.45601968570026"
"120","239","239","239","-421.5477708531638","-538.4566923028617","-317.76445843201344"
"121","241","241","241","-430.6954650429137","-448.4929508140325","-405.251220239286"
"122","243","243","243","-482.8826026825439","-586.2590086753925","-353.5787633973601"
"123","245","245","245","-444.247027254158","-615.5271846806756","-322.1756587514472"
"124","247","247","247","-460.6467574098868","-590.5287394202044","-389.2813468808283"
"125","249","249","249","-402.50719715518585","-508.25936899452785","-342.0052668896683"
"126","251","251","251","-545.0821205463565","-706.6033985461262","-439.3412109014209"
"127","253","253","253","-454.33770625238805","-628.067475569465","-278.6849006276184"
"128","255","255","255","-406.9278457556494","-467.50710001406406","-285.99143512629126"
"129","257","257","257","-407.27027523799524","-446.61541024188364","-343.1974166738222"
"130","259","259","259","-481.2106511912378","-562.4610168429774","-390.9414073235665"
"131","261","261","261","-508.43908561063216","-657.7104171726934","-395.56809327548825"
"132","263","263","263","-385.97903674829","-474.5077745220427","-347.52353561375315"
"133","265","265","265","-393.5170368752844","-574.8393450414586","-313.6567208326797"
"134","267","267","267","-422.3308004539511","-543.112115265584","-274.45598979394947"
"135","269","269","269","-460.0384101986582","-559.0281848306516","-361.54594544767025"
"136","271","271","271","-356.7995282034607","-406.97320399940094","-283.53825579449153"
"137","273","273","273","-486.18134316867446","-551.9927624330703","-363.1714390158032"
"138","275","275","275","-426.5677560248747","-548.2327313093759","-319.8291501012871"
"139","277","277","277","-374.7461192538186","-508.06821459228297","-268.50031500510994"
"140","279","279","279","-405.1249575043381","-475.9692588743672","-370.8986820515947"
"141","281","281","281","-399.72114436800535","-495.29797237943893","-301.36579521790435"
"142","283","283","283","-435.249347099618","-500.29270984501386","-333.99120898164796"
"143","285","285","285","-434.512651682592","-522.6939883346522","-350.84797385196805"
"144","287","287","287","-369.98770338957803","-389.16774000158307","-321.96241715637564"
"145","289","289","289","-395.9248594485178","-477.4788029421034","-328.9299089203133"
"146","291","291","291","-428.73354235510885","-469.93725142716613","-391.3448506230051"
"147","293","293","293","-417.1421741071728","-530.4239306863848","-313.2091349672383"
"148","295","295","295","-445.1081050525092","-491.4800411487645","-417.30269433960297"
"149","297","297","297","-417.0678942245654","-548.6782041706479","-348.03086629296445"
"150","299","299","299","-447.77205036193175","-695.904934546496","-377.3941161968979"
"151","301","301","301","-483.1315435247299","-535.9260059657627","-376.8809543305961"
"152","303","303","303","-420.3707088228184","-564.0603069868498","-300.9287525359311"
"153","305","305","305","-477.18582601598547","-587.8254839394824","-382.1626298205498"
"154","307","307","307","-471.40513563715194","-636.0409247031326","-349.7930208300318"
"155","309","309","309","-374.6004641498489","-434.19269714452867","-298.7972422860017"
"156","311","311","311","-418.4804923222271","-505.22235332464857","-386.47080455428517"
"157","313","313","313","-513.3120878646214","-633.1092759930161","-290.31468013731626"
"158","315","315","315","-456.8220670885892","-771.7247216242397","-348.702860915391"
"159","317","317","317","-452.40879190788945","-705.0027935453875","-320.61015640285933"
"160","319","319","319","-425.43914470318725","-507.2979019540339","-354.42781902342745"
"161","321","321","321","-358.0623177933332","-409.608919241234","-302.39790669507954"
"162","323","323","323","-428.6764204362615","-689.5945621963095","-340.3734153653185"
"163","325","325","325","-439.6686952880693","-544.8206659616974","-347.4730081172294"
"164","327","327","327","-420.16259431047695","-494.52098493093183","-350.2223483537291"
"165","329","329","329","-418.88785095570273","-544.144374554182","-312.8866689230881"
"166","331","331","331","-420.1809302594297","-487.38360404141184","-355.72503005917173"
"167","333","333","333","-378.2724304569978","-510.9817536286124","-318.02950525627716"
"168","335","335","335","-402.80992550788096","-461.8805442765209","-272.88266560337485"
"169","337","337","337","-506.0001368966467","-700.7513358668463","-343.7416515007655"
"170","339","339","339","-490.0170982494844","-590.2620412551752","-393.6066957304378"
"171","341","341","341","-413.3651677403116","-471.12333369058604","-336.32638164226984"
"172","343","343","343","-387.0108441074743","-467.88464340237","-300.22639193634836"
"173","345","345","345","-452.32337196670926","-670.9604263087642","-362.08134522792864"
"174","347","347","347","-390.1498423140402","-456.37143655868255","-320.566360742718"
"175","349","349","349","-484.54579497867417","-596.9588710500834","-342.7948677836411"
"176","351","351","351","-357.4208190445324","-407.87129593387243","-294.2895541110996"
"177","353","353","353","-388.52220848567964","-507.69233449133844","-297.67610753811783"
"178","355","355","355","-455.28465785275085","-550.8460671915523","-352.6875212755062"
"179","357","357","357","-445.2574828012516","-671.3012423939916","-299.90375180091553"
"180","359","359","359","-433.72438649337516","-630.100725688074","-332.7475349795207"
"181","361","361","361","-458.0093574958978","-581.9106555418633","-357.2717317795462"
"182","363","363","363","-396.9747971957632","-500.7165645217244","-296.0659784200446"
"183","365","365","365","-450.62909971094086","-590.3044304530159","-322.92090358575854"
"184","367","367","367","-394.59528672968656","-533.1880135180295","-280.61305644563794"
"185","369","369","369","-403.691509223313","-507.5213060958741","-295.28187123139827"
"186","371","371","371","-396.4447268046378","-489.26516493917353","-266.8451741707651"
"187","373","373","373","-434.3966196922871","-515.1537274667002","-351.169395304958"
"188","375","375","375","-424.0573057502412","-609.0301069149097","-349.10303180217244"
"189","377","377","377","-501.58967912866717","-575.4148516706356","-409.44083287403726"
"190","379","379","379","-430.3327635013094","-525.9460485706419","-368.21876828241676"
"191","381","381","381","-387.2275011210885","-472.5790676682295","-268.8153477930475"
"192","383","383","383","-421.7733275058639","-501.4356702356803","-307.41104680527155"
"193","385","385","385","-377.90518945045534","-433.5273210877716","-347.6951778228293"
"194","387","387","387","-450.1174172790273","-628.2388928587195","-318.73564570948537"
"195","389","389","389","-398.8561216717505","-475.41907128083204","-324.26564361453893"
"196","391","391","391","-381.38982854320875","-551.2976223355838","-290.12797347604766"
"197","393","393","393","-394.4863159962927","-453.02856438275694","-300.0505414973349"
"198","395","395","395","-352.46383780664036","-464.9832979189688","-239.03297222560627"
"199","397","397","397","-391.69046639777844","-434.6019189278852","-375.9891445575026"
"200","399","399","399","-439.61610300482107","-590.8933374235068","-309.9764754992576"
"201","401","401","401","-424.9520127327655","-509.1556459994766","-335.1626790053011"
"202","403","403","403","-381.65571896835377","-494.32989184343654","-286.6768427038224"
"203","405","405","405","-406.03344085635547","-558.0631231088427","-333.329041224298"
"204","407","407","407","-457.2985110993621","-608.0970300549184","-337.1203178164702"
"205","409","409","409","-379.84763657836993","-488.6555994546667","-285.0838620074319"
"206","411","411","411","-417.0070655489907","-500.64058448706686","-365.4840479452871"
"207","413","413","413","-506.11732969009165","-727.8150380584534","-379.5139345296825"
"208","415","415","415","-405.8258741365659","-519.5712769819858","-298.57269417110416"
"209","417","417","417","-444.17093051746895","-558.8910818423677","-319.5160315684287"
"210","419","419","419","-447.7597981819091","-498.4038368806079","-398.16149418925863"
"211","421","421","421","-401.4606431465947","-616.7362868000453","-326.6939098348209"
"212","423","423","423","-356.368382534478","-508.2153939497239","-297.2544074104014"
"213","425","425","425","-453.35834026636184","-526.6327500725968","-332.63515102280905"
"214","427","427","427","-454.0257900010245","-571.8204168573262","-373.2397480742926"
"215","429","429","429","-535.5836761270872","-648.2029675093528","-415.5456132174064"
"216","431","431","431","-454.5389167390437","-593.9487130624424","-341.16188667607184"
"217","433","433","433","-432.2618184332558","-495.4474956808631","-377.8065643949643"
"218","435","435","435","-430.59510742830753","-505.72854044612995","-334.6736490653731"
"219","437","437","437","-411.47709863128404","-535.7483075705633","-319.4039916917874"
"220","439","439","439","-399.42638219858566","-523.4611113963362","-259.702149472894"
"221","441","441","441","-451.4767210654257","-522.12198283286","-352.3247851845895"
"222","443","443","443","-433.5631157156023","-534.5336695141807","-385.3098269430885"
"223","445","445","445","-447.57635293471355","-555.3172682285857","-377.8050107381665"
"224","447","447","447","-446.0371361934928","-621.8014381040742","-330.59941199838414"
"225","449","449","449","-399.949084767672","-476.20006160340756","-314.7083555698671"
"226","451","451","451","-475.6247472813835","-729.6676520034785","-368.5483205397352"
"227","453","453","453","-423.9699441740292","-561.7799779051712","-345.0794443032975"
"228","455","455","455","-473.1762012999484","-576.3492037462375","-285.6193330941747"
"229","457","457","457","-440.27815196651017","-531.5797495589841","-336.3233009407569"
"230","459","459","459","-455.4312482517589","-559.980389944045","-342.94781120735564"
"231","461","461","461","-442.5719772385857","-576.1814867417967","-313.16206160981926"
"232","463","463","463","-469.4121513523393","-714.431885821375","-345.6342925809195"
"233","465","465","465","-415.7269610700538","-593.8182674682141","-313.0597163035899"
"234","467","467","467","-445.62744629139024","-538.4355105659198","-360.75503623114486"
"235","469","469","469","-462.8425985839425","-632.9185725571602","-295.6126413208576"
"236","471","471","471","-499.95152186524666","-617.4374431838736","-404.86534633077895"
"237","473","473","473","-467.48201798146147","-662.606888311819","-352.008814354697"
"238","475","475","475","-472.6667511434422","-612.9970638688311","-387.5929139080572"
"239","477","477","477","-435.8320293907136","-490.8596488520036","-344.2897578316188"
"240","479","479","479","-475.4729013787499","-537.0660275900262","-389.0823423266045"
"241","481","481","481","-437.7013231547997","-535.5070743017361","-293.44539071521876"
"242","483","483","483","-461.24013764241937","-554.7367360530536","-359.9807101349224"
"243","485","485","485","-339.99886578548967","-391.5531377616955","-276.9232489885602"
"244","487","487","487","-489.44813222458134","-748.8006132414052","-286.56221765232107"
"245","489","489","489","-474.48165009426674","-566.0457957212814","-390.1413207790468"
"246","491","491","491","-427.7891861871585","-692.5645107736922","-307.5407870904432"
"247","493","493","493","-428.8347469144692","-522.3625807786719","-356.0702280340868"
"248","495","495","495","-392.2369621168343","-558.2711462519419","-333.8251821459063"
"249","497","497","497","-372.90232859247834","-418.22741797608813","-279.4766429716377"
"250","499","499","499","-373.0669224096803","-463.96269354898345","-328.91637391692177"
"251","501","501","501","-432.08819871351443","-589.5426694969883","-287.67565240126766"
"252","503","503","503","-379.30996412705423","-429.97726578211274","-346.2308371321404"
"253","505","505","505","-483.55982652485244","-673.5952071647017","-400.6837022370034"
"254","507","507","507","-419.71325450225925","-465.910975894976","-375.81994984289963"
"255","509","509","509","-460.48903145503135","-595.438588588174","-361.5656768060544"
"256","511","511","511","-317.18361563107595","-372.46061768105596","-267.4858530276063"
"257","513","513","513","-434.0392723109135","-620.7621597072116","-297.12031073890375"
"258","515","515","515","-452.1462451220712","-649.5516215579675","-340.2004072384442"
"259","517","517","517","-376.4274621221666","-577.0339788911652","-259.18948569254337"
"260","519","519","519","-385.22171936346183","-440.14791932856724","-296.8745538771707"
"261","521","521","521","-541.7447576587351","-1026.7114704783035","-355.8243246611268"
"262","523","523","523","-408.1000992059403","-508.8051386879525","-338.83780449775986"
"263","525","525","525","-447.54906936449","-552.631468164779","-361.2218502967864"
"264","527","527","527","-389.8067818258887","-613.5213343431171","-283.32960738386726"
"265","529","529","529","-405.6605713885934","-568.1868933413846","-274.8982554525328"
"266","531","531","531","-348.33265436051965","-408.5735649638393","-303.35515548996807"
"267","533","533","533","-420.5155108507678","-534.2740714295835","-334.759339158133"
"268","535","535","535","-411.06277545175925","-724.0411290941208","-306.3548628464649"
"269","537","537","537","-438.9375663381488","-519.493226323421","-349.62494034333986"
"270","539","539","539","-429.1106803919103","-533.2906980066799","-386.81480904109355"
"271","541","541","541","-433.1837310620381","-481.1233912458466","-376.48408153069"
"272","543","543","543","-383.5453319307868","-481.8268248841775","-308.5628503275027"
"273","545","545","545","-379.8334932956098","-481.82333119161916","-289.85720621879176"
"274","547","547","547","-507.67111038844433","-587.3755524610567","-409.8270505511815"
"275","549","549","549","-426.5876175480683","-592.6896067252351","-259.43235655908035"
"276","551","551","551","-380.3846757935192","-475.77390835896193","-326.9385373785906"
"277","553","553","553","-458.317882498348","-543.2342236660703","-327.5579671958409"
"278","555","555","555","-481.4255755088616","-659.4781656770086","-318.5102971013274"
"279","557","557","557","-362.62857526297387","-507.55560511774075","-273.1311015407531"
"280","559","559","559","-330.12300522187104","-416.8218265041601","-292.0275584121545"
"281","561","561","561","-357.56717490328185","-482.7503959774992","-274.3731613280945"
"282","563","563","563","-355.1919315347815","-387.94166370754505","-327.93367772665755"
"283","565","565","565","-432.03539083975375","-563.0487191836374","-331.5221215309452"
"284","567","567","567","-453.62279909738953","-611.2451064565618","-338.35631880824513"
"285","569","569","569","-431.2192375950705","-530.4783653151233","-355.57907889466054"
"286","571","571","571","-386.4634703824024","-448.1224072092562","-282.1099831648505"
"287","573","573","573","-335.41677000235325","-371.4742956319039","-309.15670164184974"
"288","575","575","575","-429.6096460881287","-607.9929817064291","-332.7165485570091"
"289","577","577","577","-427.932609289314","-627.3077470877065","-328.8845350855827"
"290","579","579","579","-402.1665860972906","-485.3230453786985","-346.2160136322886"
"291","581","581","581","-391.08614015438593","-547.4191623614546","-309.1247423455377"
"292","583","583","583","-373.5423013173282","-474.3815564499804","-278.2822748700723"
"293","585","585","585","-409.5780279583653","-537.4570491900869","-278.3917088116876"
"294","587","587","587","-418.31164019810166","-549.5011553300309","-322.74402867022474"
"295","589","589","589","-455.1718531683546","-656.8495397171209","-363.7281219394095"
"296","591","591","591","-415.05534478786313","-548.3567965848633","-286.2377060414646"
"297","593","593","593","-442.61540591361336","-727.3401761618422","-309.4565585508212"
"298","595","595","595","-419.9882134450835","-631.4099146939005","-331.63431039347535"
"299","597","597","597","-449.92514541567397","-518.8750940793101","-328.6027334027192"
"300","599","599","599","-419.1474712614785","-491.07768267385194","-354.904551987798"
"301","601","601","601","-394.25105063048517","-457.90323931099437","-362.38841150269974"
"302","603","603","603","-431.82574637434135","-527.4904047673471","-329.0438364084399"
"303","605","605","605","-349.5667530962802","-465.42283620967237","-291.4127890082063"
"304","607","607","607","-446.272768701306","-502.5851641942776","-370.4862945177168"
"305","609","609","609","-456.73678552945603","-570.0388585407661","-339.25645065650997"
"306","611","611","611","-361.7057909341639","-417.2491377931279","-279.21678900689494"
"307","613","613","613","-427.2411451429545","-596.3083732718807","-347.4514994799574"
"308","615","615","615","-425.84417478672066","-526.1992577817213","-292.2752620440233"
"309","617","617","617","-443.6956714829654","-609.5706221715276","-321.58888280081356"
"310","619","619","619","-419.9409257905933","-530.7718106586409","-297.1338999353989"
"311","621","621","621","-411.2547370493806","-463.1403761631099","-308.45910340843983"
"312","623","623","623","-415.24565526858015","-507.9915169025867","-333.5690009771541"
"313","625","625","625","-377.02232124349626","-494.927477741642","-296.617928075959"
"314","627","627","627","-396.07319394732235","-551.4195025762981","-298.04422912934297"
"315","629","629","629","-381.82989192339045","-452.6363207575449","-341.2541697563335"
"316","631","631","631","-360.72929330660213","-446.6856104706372","-324.36149375156486"
"317","633","633","633","-424.4498344157565","-544.3499684463573","-323.5424189472925"
"318","635","635","635","-473.5880769506366","-592.95592604324","-356.26207468289226"
"319","637","637","637","-485.11943642707865","-600.0594260516464","-333.5278322205939"
"320","639","639","639","-390.3169421090419","-563.2928561562859","-302.76780858298866"
"321","641","641","641","-367.1562437673237","-460.7740003608785","-286.6179807949369"
"322","643","643","643","-404.5931010167399","-457.7135071963568","-295.65719835765725"
"323","645","645","645","-400.66708517223935","-481.5372641489093","-324.5574599818146"
"324","647","647","647","-309.648223484235","-323.8170640641167","-282.9704564969338"
"325","649","649","649","-405.2530813765056","-489.6323656759458","-333.2034759489434"
"326","651","651","651","-416.973074579867","-486.357263431291","-341.6859332807172"
"327","653","653","653","-462.48560555965514","-644.824134688988","-270.62657082948726"
"328","655","655","655","-404.17798559653824","-511.6399055021636","-338.94173639000775"
"329","657","657","657","-414.03343626608387","-653.2523436918179","-290.7251902905423"
"330","659","659","659","-502.1631929266565","-624.9866408104273","-324.1944971325708"
"331","661","661","661","-367.2747681686975","-481.8428858800422","-295.51579479442233"
"332","663","663","663","-406.4735160328342","-448.61830223871283","-296.2479704891224"
"333","665","665","665","-456.210201880169","-594.5575892371481","-348.2513652534095"
"334","667","667","667","-343.78327674661676","-410.63349413806503","-282.83605814907"
"335","669","669","669","-415.39811133176653","-567.9035175048049","-309.25631155288784"
"336","671","671","671","-437.0339858585068","-651.0274074795677","-316.9646267759499"
"337","673","673","673","-460.91477796774416","-602.0625182594985","-352.9896073663172"
"338","675","675","675","-430.9263416337618","-564.7285841681734","-347.5582489861115"
"339","677","677","677","-432.15687795227933","-477.1058547192131","-344.37233634107275"
"340","679","679","679","-363.5992530742031","-423.97209726616705","-297.9514107620053"
"341","681","681","681","-363.2645689164564","-384.3857355647186","-337.6093185773265"
"342","683","683","683","-397.8881622260536","-490.76305831866165","-316.5105242714448"
"343","685","685","685","-419.36782071082155","-493.58430530431957","-347.4183514463839"
"344","687","687","687","-389.78693083990277","-533.6858479928953","-325.17171393092053"
"345","689","689","689","-450.04795502929466","-605.3019506749955","-362.72814409697753"
"346","691","691","691","-375.2157897179823","-513.2586033144968","-291.96313355639705"
"347","693","693","693","-371.2685208472484","-441.80481484587114","-289.3950162912701"
"348","695","695","695","-383.3932780846152","-455.90185347037976","-255.5500611941294"
"349","697","697","697","-340.01354214745436","-495.68787848927843","-248.11251450686905"
"350","699","699","699","-318.9340298851329","-333.2940205465708","-295.9701503526718"
"351","701","701","701","-408.17192712446564","-482.8976566510455","-314.1449134203719"
"352","703","703","703","-361.8262513397857","-439.35005044483734","-300.24595338043014"
"353","705","705","705","-348.9830618690498","-389.0657500380247","-307.05293019018774"
"354","707","707","707","-404.0535158214599","-498.7771987440893","-293.2401163924564"
"355","709","709","709","-395.1850528882413","-451.7773393787684","-356.54286355392077"
"356","711","711","711","-364.1452881582975","-436.57345213517937","-285.27874868984475"
"357","713","713","713","-381.2780266011249","-475.3573658216185","-311.7575034281875"
"358","715","715","715","-441.35782716371784","-517.3348542841004","-365.97454146594566"
"359","717","717","717","-357.19770344579484","-495.8573635127533","-283.7435777915849"
"360","719","719","719","-336.02056005036314","-414.8915885973673","-296.61884938121415"
"361","721","721","721","-355.88106191402477","-544.3939323644609","-269.8886661942237"
"362","723","723","723","-482.129319495035","-558.2426267258693","-432.5952800892869"
"363","725","725","725","-454.506108100237","-621.2401081238273","-277.58614160621795"
"364","727","727","727","-358.64824842003816","-422.0071774139652","-288.0507015035371"
"365","729","729","729","-451.749327860166","-527.5621087222339","-346.5277796595317"
"366","731","731","731","-462.2668065198535","-605.7178542595574","-362.52657608927836"
"367","733","733","733","-405.5030171676658","-495.5694775446544","-308.96232233963417"
"368","735","735","735","-453.9308378747909","-561.807041616731","-295.28729537190844"
"369","737","737","737","-366.60584504513986","-411.7968651053126","-317.2748610632863"
"370","739","739","739","-381.2806319722694","-462.5251730594918","-278.4055825081854"
"371","741","741","741","-383.2901514933672","-580.9067013855371","-281.486068657794"
"372","743","743","743","-450.5911525224192","-619.537567210304","-282.4310180894548"
"373","745","745","745","-393.63740677333556","-540.623140649932","-336.83479553207434"
"374","747","747","747","-358.96146033371707","-484.53056994083687","-288.97991152393433"
"375","749","749","749","-398.5308559298496","-529.891988625151","-297.4991580457744"
"376","751","751","751","-388.7904190017304","-520.2009754312858","-276.2176504845232"
"377","753","753","753","-326.48271245102353","-398.680938986758","-295.67821368100306"
"378","755","755","755","-374.50448250372995","-520.4635063223308","-309.2871223434854"
"379","757","757","757","-323.3804803992809","-380.7059617567887","-284.5464571714669"
"380","759","759","759","-388.91996365055047","-571.6758014964262","-296.14766424025134"
"381","761","761","761","-345.06867964767594","-456.81577297873866","-286.2202346990321"
"382","763","763","763","-354.11491734546894","-484.84431283242236","-289.53287990851084"
"383","765","765","765","-380.93904821421364","-449.079598463578","-335.4285208399458"
"384","767","767","767","-358.35190967186406","-492.98747132512193","-287.8203988567923"
"385","769","769","769","-420.6700566536414","-481.0757163839129","-365.95129209806595"
"386","771","771","771","-406.3984478796448","-470.4617405872757","-307.85941754624645"
"387","773","773","773","-426.6195525538192","-496.2535992641615","-317.1627727735248"
"388","775","775","775","-386.07960674028","-542.0758809518909","-307.31183849664484"
"389","777","777","777","-348.7416877027619","-455.83178509510356","-275.09908782266007"
"390","779","779","779","-383.24762841830886","-513.9453751523738","-280.61538770211985"
"391","781","781","781","-393.0803431167737","-476.5507694476544","-318.02393751621446"
"392","783","783","783","-388.10462091453593","-443.99866415244855","-359.2423388001165"
"393","785","785","785","-312.9054727575501","-348.246244491908","-266.22355979763887"
"394","787","787","787","-421.89769364504826","-581.4759611869283","-307.9243954874585"
"395","789","789","789","-386.77318741498067","-496.7819249351573","-295.68499842621475"
"396","791","791","791","-370.4756886823683","-459.86201509118143","-317.4096341698613"
"397","793","793","793","-386.85186178633495","-590.1684819160947","-272.7493385815537"
"398","795","795","795","-378.9049737022997","-488.72476259991635","-298.8876009999524"
"399","797","797","797","-385.5666897771281","-443.4890039141053","-298.8387096545649"
"400","799","799","799","-416.8287102076216","-491.32771838612587","-332.24070778534997"
"401","801","801","801","-361.5501335107735","-441.1174690666403","-308.13438155546515"
"402","803","803","803","-348.53186427803473","-402.7647038296079","-279.6833358142063"
"403","805","805","805","-332.1772812825795","-360.6162372380735","-308.34176347198394"
"404","807","807","807","-418.7190795521004","-596.9106855445641","-257.7585278135207"
"405","809","809","809","-377.01419363155276","-470.23706714137836","-272.4978552847738"
"406","811","811","811","-439.90430343125433","-612.7610458048725","-325.64789381151127"
"407","813","813","813","-400.41745266886875","-528.4495546598991","-327.39489553191953"
"408","815","815","815","-360.18287489029683","-450.20080502274044","-252.8622208718346"
"409","817","817","817","-460.3298523162721","-497.6887076407649","-386.63257639333256"
"410","819","819","819","-412.7545010539134","-553.5254799618542","-320.08348602526326"
"411","821","821","821","-405.57859628386143","-479.08203951663984","-325.0881075894897"
"412","823","823","823","-361.017953494228","-459.84160897602715","-304.71212867523934"
"413","825","825","825","-474.17786485006206","-562.8258051299913","-367.4983323048108"
"414","827","827","827","-401.5825380524353","-548.1578537364813","-314.16515485342586"
"415","829","829","829","-340.38370944231957","-433.83915362275854","-297.3176330819154"
"416","831","831","831","-386.93737571807037","-500.5512292137073","-334.59147189961726"
"417","833","833","833","-372.7138993195339","-409.70686806593","-319.2793028330869"
"418","835","835","835","-392.53699196428886","-523.4402049248519","-281.34609271923927"
"419","837","837","837","-428.3554602924325","-517.4205163255629","-316.56477046245544"
"420","839","839","839","-382.98102988938797","-585.5314476957222","-277.6498558335406"
"421","841","841","841","-382.7112326569474","-548.8604355108419","-272.9299418927209"
"422","843","843","843","-404.171720679645","-524.9713180943618","-310.8273946242572"
"423","845","845","845","-385.1512329082565","-458.57331495951416","-351.23338316092503"
"424","847","847","847","-355.9516846400285","-445.1135675511137","-310.589598788622"
"425","849","849","849","-352.92570803169576","-570.7879047804252","-269.55216118636156"
"426","851","851","851","-398.3566506741284","-490.37995548147944","-289.94880429421363"
"427","853","853","853","-381.16092299491083","-620.0092636266434","-280.71081473538254"
"428","855","855","855","-395.5631945882649","-516.5321117882559","-329.04310729377744"
"429","857","857","857","-432.63881051396294","-637.2888497431193","-339.7692180448831"
"430","859","859","859","-384.41150335157056","-592.601571388902","-300.6980565726107"
"431","861","861","861","-402.7925388814968","-487.4206623602255","-306.91741704992955"
"432","863","863","863","-410.79214939683635","-480.2532056753384","-339.4415142394997"
"433","865","865","865","-409.4025385850478","-552.3577903772116","-292.77727092482064"
"434","867","867","867","-405.6014274633215","-480.81517672942425","-362.68386072113543"
"435","869","869","869","-396.3674710777136","-416.6613467826886","-362.25371563357595"
"436","871","871","871","-431.0484611337935","-552.2701498442497","-337.45813796277724"
"437","873","873","873","-372.326513983268","-417.38025919146736","-331.90167034525643"
"438","875","875","875","-359.6208041864628","-443.97271368982774","-290.9386840958054"
"439","877","877","877","-362.8155502569342","-573.2712520985793","-287.54546292021035"
"440","879","879","879","-352.1024954993269","-408.04816475713307","-303.3611797005185"
"441","881","881","881","-428.33750145735456","-521.0503220720043","-320.3320969722679"
"442","883","883","883","-410.16272435179434","-522.4936206472328","-329.3484520476103"
"443","885","885","885","-323.2186979603831","-391.62464614975363","-262.31155529233394"
"444","887","887","887","-423.1483495889488","-537.0110215823482","-317.2535778261329"
"445","889","889","889","-413.8389800484671","-585.4736794066816","-337.4143790269078"
"446","891","891","891","-384.4099512762374","-493.3340796270286","-299.68294912493593"
"447","893","893","893","-405.70985232299574","-573.3468514107067","-340.47654814345384"
"448","895","895","895","-362.90636548145784","-526.8268138985078","-266.70368518468496"
"449","897","897","897","-300.2207305049367","-330.24219860047003","-241.5697228619332"
"450","899","899","899","-345.8376976497167","-368.87179344231777","-316.83142337868065"
"451","901","901","901","-372.14643692828975","-404.90705977270187","-312.6837562761085"
"452","903","903","903","-360.3638732538404","-438.813950579495","-307.1873065488486"
"453","905","905","905","-368.9418143963193","-444.7618533217344","-295.46883925269657"
"454","907","907","907","-390.3429332551855","-518.8865279975389","-291.99421057408966"
"455","909","909","909","-337.0042167933789","-421.65245708604107","-291.69698912476645"
"456","911","911","911","-326.99119750527774","-388.4490741370929","-271.3760771232024"
"457","913","913","913","-387.93319927136133","-467.1273644282423","-291.50688510953"
"458","915","915","915","-399.9001866643322","-655.8972539745707","-316.46195203693634"
"459","917","917","917","-367.296203267684","-452.3290931529924","-288.3855558655556"
"460","919","919","919","-344.5936556492985","-467.98940660327787","-296.62043765377666"
"461","921","921","921","-360.76513384008206","-505.33191682439974","-301.2058195230331"
"462","923","923","923","-369.13799866282227","-422.0477195202894","-322.23567028444444"
"463","925","925","925","-417.8598709455008","-604.3875507354791","-350.7346814442425"
"464","927","927","927","-353.4626935786797","-426.3891348253047","-293.9824743440137"
"465","929","929","929","-433.71458914361284","-554.621908787074","-344.869737961166"
"466","931","931","931","-381.753715956464","-530.5106689951797","-247.40583566101728"
"467","933","933","933","-493.66844331812797","-758.8989097492948","-341.51330859695645"
"468","935","935","935","-362.10317419947506","-386.06899917799257","-342.49959156284365"
"469","937","937","937","-423.64320139923774","-518.9093339349643","-377.8962735563782"
"470","939","939","939","-323.0807421918215","-410.41487054851365","-277.80880491876775"
"471","941","941","941","-402.48334905238227","-519.5866511200883","-308.02544818947047"
"472","943","943","943","-381.0483698250728","-469.2486719311519","-307.88910372551743"
"473","945","945","945","-377.09976648449566","-548.2859647174864","-288.48796270068306"
"474","947","947","947","-325.5781092019609","-374.4512891173852","-289.52277788918656"
"475","949","949","949","-369.51103030795923","-450.4294696211233","-301.8569490312382"
"476","951","951","951","-328.56316018848474","-398.67408285482065","-277.8280397337714"
"477","953","953","953","-351.80423234936393","-393.2612882520595","-258.25640630315985"
"478","955","955","955","-381.8446486024035","-490.3421975043927","-273.11752033151276"
"479","957","957","957","-391.47106234700965","-449.6094259993141","-326.45025899397336"
"480","959","959","959","-368.11773435872027","-457.1524415079166","-262.0030653290785"
"481","961","961","961","-401.23272040610976","-506.69159570471976","-353.6256378485022"
"482","963","963","963","-360.13636559316336","-427.2543098231509","-300.1143714577073"
"483","965","965","965","-415.3445463629811","-505.6712719583909","-375.4122225673166"
"484","967","967","967","-407.1890296744453","-508.0840214857587","-307.5188062561837"
"485","969","969","969","-452.1884673270036","-586.8139136011066","-355.7630722680425"
"486","971","971","971","-413.6280990934247","-576.1293708900273","-314.81429719643273"
"487","973","973","973","-345.9424252504783","-396.4931611068292","-275.2404275083505"
"488","975","975","975","-419.3397041257114","-542.3126307104806","-309.8557383202051"
"489","977","977","977","-433.01129356998445","-514.955778742749","-349.7681756410913"
"490","979","979","979","-420.11902010692404","-487.1739076567141","-317.4068838954855"
"491","981","981","981","-336.59726515721366","-383.7949036950041","-300.8200667226192"
"492","983","983","983","-331.85853149980653","-351.65773361638503","-313.8939794920991"
"493","985","985","985","-360.86319534622436","-433.6551088522066","-307.6612172010923"
"494","987","987","987","-318.7056190021135","-350.26782981861606","-285.764429240335"
"495","989","989","989","-362.07419591334366","-394.2840092144732","-310.74978084248113"
"496","991","991","991","-402.0458605563851","-592.9178412576747","-312.959416979735"
"497","993","993","993","-331.3179881750067","-423.7059653245454","-301.7190160311359"
"498","995","995","995","-339.655827337463","-449.72875346301345","-241.90710221943556"
"499","997","997","997","-374.6852707127174","-415.66629135473664","-303.4734255007962"
"500","999","999","999","-387.3618245927834","-445.38932175381143","-302.503963990747"
"501","1001","1001","1001","-352.59944517565606","-382.15137623784625","-327.86803971002365"
"502","1003","1003","1003","-377.5854217893924","-440.0486558474115","-338.23199831010925"
"503","1005","1005","1005","-364.4644199304151","-530.0223149019405","-281.62018766656655"
"504","1007","1007","1007","-424.95442195058394","-506.5773851057666","-388.05331771655125"
"505","1009","1009","1009","-416.3124759275843","-535.1072051391886","-297.98534981866993"
"506","1011","1011","1011","-371.52540167390185","-404.49619590021337","-323.41969400090096"
"507","1013","1013","1013","-352.652944505145","-453.86695088624197","-258.7746087559367"
"508","1015","1015","1015","-323.1928866885657","-387.09878252185524","-252.2415846832493"
"509","1017","1017","1017","-370.68358877121887","-432.8606161419825","-336.1511477203959"
"510","1019","1019","1019","-342.08888249840595","-421.2218709749016","-274.00767683600196"
"511","1021","1021","1021","-382.2527172384512","-461.5984055931656","-329.71477061939424"
"512","1023","1023","1023","-344.80345863546773","-395.17609086061333","-257.3982892305616"
"513","1025","1025","1025","-321.55992957319813","-364.40133915346127","-271.76446562285037"
"514","1027","1027","1027","-320.3675090066018","-372.8182519045248","-266.7700271847254"
"515","1029","1029","1029","-380.47272880001975","-431.1399656143195","-360.87076576110167"
"516","1031","1031","1031","-390.270911356286","-457.13568300996457","-362.3746643519112"
"517","1033","1033","1033","-374.8368396016649","-567.0196439154306","-282.1637595057957"
"518","1035","1035","1035","-344.1973095821511","-422.5514543774847","-257.93937759568513"
"519","1037","1037","1037","-356.9601402644745","-446.86645464118783","-254.15353028986598"
"520","1039","1039","1039","-358.75155804272964","-438.804024594333","-321.39927127206977"
"521","1041","1041","1041","-396.2491179530299","-497.5019413603133","-324.03009755843715"
"522","1043","1043","1043","-389.5716672051578","-468.72899120465223","-312.0529048631446"
"523","1045","1045","1045","-327.5405855713533","-428.44855876759976","-276.8834492088763"
"524","1047","1047","1047","-373.3680995089628","-514.667580183223","-278.75677423612336"
"525","1049","1049","1049","-342.5118618267862","-366.92263232923995","-315.12878198698843"
"526","1051","1051","1051","-350.60962201085954","-393.7818103095972","-265.63377082322205"
"527","1053","1053","1053","-349.02035301092826","-414.0833452793786","-267.52452780065806"
"528","1055","1055","1055","-367.64195419688133","-390.34962152534905","-337.4841844377611"
"529","1057","1057","1057","-339.6264227645403","-423.53726616912644","-304.69535157963196"
"530","1059","1059","1059","-397.76652533758414","-464.6489945324775","-350.1654620032554"
"531","1061","1061","1061","-392.5766166039971","-452.7328005400965","-337.8279317776521"
"532","1063","1063","1063","-373.15251887402223","-420.2539003229832","-327.93571073609604"
"533","1065","1065","1065","-370.9425189839941","-506.59309423853614","-252.248668603776"
"534","1067","1067","1067","-387.59749900404535","-573.4295737571977","-263.90614683910735"
"535","1069","1069","1069","-359.91345055736764","-392.0589048432411","-314.11359877380386"
"536","1071","1071","1071","-396.8348174048403","-483.1319133234464","-342.12367590358997"
"537","1073","1073","1073","-304.0209030833521","-354.03119204737953","-252.53538299115178"
"538","1075","1075","1075","-345.9455586563415","-458.7941583478721","-254.39643954601112"
"539","1077","1077","1077","-373.8140821330404","-483.728582658747","-308.26964025651614"
"540","1079","1079","1079","-359.8423221147172","-469.08529139820774","-295.60035956163136"
"541","1081","1081","1081","-367.38104158445003","-525.0903493654105","-285.2280369786359"
"542","1083","1083","1083","-330.7462122575034","-380.3435004616137","-253.48435578625345"
"543","1085","1085","1085","-366.138361880404","-508.8562767193585","-305.8506570565455"
"544","1087","1087","1087","-414.4049322566352","-589.515588096825","-298.6890898426326"
"545","1089","1089","1089","-366.1870108885008","-462.3699446144461","-260.96111099402657"
"546","1091","1091","1091","-378.56272063414565","-482.59252112693855","-298.9775432030942"
"547","1093","1093","1093","-399.14770884821104","-501.1361134047315","-349.44674966678593"
"548","1095","1095","1095","-359.5739884198715","-477.6959026928125","-295.0591126021797"
"549","1097","1097","1097","-360.02589027512886","-405.16097497619836","-297.08341888467197"
"550","1099","1099","1099","-350.42738135269946","-396.87031349936535","-278.8614198343449"
"551","1101","1101","1101","-362.76568623678537","-462.78849211001886","-308.67439195284203"
"552","1103","1103","1103","-397.99467108338877","-631.3121334916588","-306.58226798604255"
"553","1105","1105","1105","-360.9599870694908","-406.9694022629245","-301.3946824653662"
"554","1107","1107","1107","-363.88072297596403","-471.25639818464225","-315.335510358802"
"555","1109","1109","1109","-391.94258159642146","-407.78828926249884","-375.20683282531786"
"556","1111","1111","1111","-379.1832740522003","-416.15025558152604","-299.932423254296"
"557","1113","1113","1113","-434.2040051122731","-560.4002226170378","-354.1879114582969"
"558","1115","1115","1115","-343.93111665097035","-424.58326059555316","-270.25872863096424"
"559","1117","1117","1117","-320.5770692273119","-380.31688481572013","-283.7921979534263"
"560","1119","1119","1119","-340.05167639058465","-408.57062477613897","-273.9118037278676"
"561","1121","1121","1121","-367.9703230125726","-432.78290888840706","-296.0643908956853"
"562","1123","1123","1123","-390.19229071911803","-610.1181248847781","-295.2076562221125"
"563","1125","1125","1125","-335.99799005206796","-398.05471601742363","-253.60403562151149"
"564","1127","1127","1127","-356.66182821902675","-391.492918593505","-320.109641310304"
"565","1129","1129","1129","-353.978436790002","-441.3583085416551","-240.42767361937544"
"566","1131","1131","1131","-387.8865754505061","-516.1538595850354","-282.7867436952381"
"567","1133","1133","1133","-357.886621142794","-434.17333134344386","-317.89876665783765"
"568","1135","1135","1135","-350.6041650515792","-404.5449491523783","-271.4202754476472"
"569","1137","1137","1137","-363.56436101522513","-413.93958724161564","-324.7886583399106"
"570","1139","1139","1139","-393.9341147256432","-511.90966243068624","-314.2880080484562"
"571","1141","1141","1141","-316.7064803300091","-350.3497784161418","-272.624536731195"
"572","1143","1143","1143","-360.5146522284006","-400.12075882897653","-287.93777483767576"
"573","1145","1145","1145","-441.78253649842355","-515.4125585752596","-363.5128615002682"
"574","1147","1147","1147","-329.62159397085105","-394.8134153472697","-289.56920035895575"
"575","1149","1149","1149","-423.4272412587693","-562.6244864093891","-308.8623194183168"
"576","1151","1151","1151","-356.7976605312953","-470.93666173399276","-308.49068481509505"
"577","1153","1153","1153","-385.1077295527922","-500.00282835982813","-319.7059665302954"
"578","1155","1155","1155","-358.40120015052435","-459.23811942659637","-254.8759076460094"
"579","1157","1157","1157","-382.13225883947115","-492.4189943282115","-282.4892886315058"
"580","1159","1159","1159","-363.4978021160442","-440.8307900841949","-293.39192982121386"
"581","1161","1161","1161","-339.6767027602963","-406.5302612882501","-275.9260142207724"
"582","1163","1163","1163","-337.58291186816587","-426.1268883375265","-253.77382892358466"
"583","1165","1165","1165","-380.45549128358005","-434.7409081815165","-332.99889813869873"
"584","1167","1167","1167","-363.1969381673654","-431.63939757448674","-305.11684622974394"
"585","1169","1169","1169","-343.4929505716701","-377.8780375964651","-303.39123132253803"
"586","1171","1171","1171","-361.81881060457465","-430.6566329866158","-274.0035014551541"
"587","1173","1173","1173","-340.78272074107036","-394.586917355539","-288.44494272627526"
"588","1175","1175","1175","-356.302507621317","-387.8984114841258","-309.66982989046494"
"589","1177","1177","1177","-385.3751654107217","-457.7767079669767","-338.0960316026716"
"590","1179","1179","1179","-393.18998668253374","-463.3672954562653","-274.357608397776"
"591","1181","1181","1181","-383.9852198690512","-512.1186898944826","-307.23628847069386"
"592","1183","1183","1183","-393.67809342112696","-515.4645690102036","-299.6845619164146"
"593","1185","1185","1185","-332.1903099478335","-410.27807547746113","-278.76398293930134"
"594","1187","1187","1187","-373.0698143990059","-448.42834069209414","-264.69384684191766"
"595","1189","1189","1189","-375.5095649571093","-490.05876015720287","-268.32798906548044"
"596","1191","1191","1191","-356.2275461301937","-389.0149682185843","-314.2801497063394"
"597","1193","1193","1193","-303.3917284309147","-344.435626581724","-260.84791423123653"
"598","1195","1195","1195","-343.67349707322495","-396.3393342790296","-288.0966269503753"
"599","1197","1197","1197","-378.90860199519915","-475.9874838041631","-306.9117161518885"