"episode","Group: Train_Rewards_simple_reference_if_load_meta:0 - _step","Group: Train_Rewards_simple_reference_if_load_meta:0 - _step__MIN","Group: Train_Rewards_simple_reference_if_load_meta:0 - _step__MAX","Group: Train_Rewards_simple_reference_if_load_meta:0 - train_rewards","Group: Train_Rewards_simple_reference_if_load_meta:0 - train_rewards__MIN","Group: Train_Rewards_simple_reference_if_load_meta:0 - train_rewards__MAX"
"1","1","1","1","-1253.7187643631319","-1508.6810074330033","-835.516305551459"
"2","3","3","3","-832.7307554890838","-2077.979571748319","-363.4735759430871"
"3","5","5","5","-704.0988154615068","-1359.541050545651","-254.73749774368645"
"4","7","7","7","-611.6694307879241","-1448.2791660193302","-341.6221697533218"
"5","9","9","9","-5779.2416719052335","-15042.726064952705","-1608.025048730118"
"6","11","11","11","-11662.780671388453","-20015.21805434989","-2725.2705905205685"
"7","13","13","13","-26183.099313971452","-50846.58370479997","-2057.9800580135206"
"8","15","15","15","-40640.20161176162","-64578.60742173393","-6415.163291108631"
"9","17","17","17","-51796.68818823434","-94654.96187455692","-13036.501418644475"
"10","19","19","19","-63504.34911623837","-124947.64689965059","-5104.0343661904"
"11","21","21","21","-55592.464592704855","-111811.61209615486","-7994.776543497112"
"12","23","23","23","-62238.23335581822","-119758.32091200788","-5381.101536212961"
"13","25","25","25","-91855.66548871466","-144282.05706222047","-57145.26642561376"
"14","27","27","27","-102483.7539865638","-129441.90348683733","-71885.52036063749"
"15","29","29","29","-85058.29580291237","-104226.89886346314","-53945.42274817683"
"16","31","31","31","-73460.37052507765","-114886.66510165892","-29218.904488077682"
"17","33","33","33","-76068.55897405923","-140462.46428777283","-35334.56297555195"
"18","35","35","35","-74571.34749795569","-137981.38009531182","-34496.33330034216"
"19","37","37","37","-82903.23819130717","-126596.6696830156","-44806.893123424255"
"20","39","39","39","-83250.12303819999","-133741.43684222162","-38335.4729487047"
"21","41","41","41","-70764.1523670186","-114176.56779689377","-16425.64112226535"
"22","43","43","43","-72770.85379840228","-112959.6095814122","-12093.882176189642"
"23","45","45","45","-71598.50927432926","-115233.26673094145","-6611.166975249281"
"24","47","47","47","-75973.48422615525","-133852.88220002336","-8108.1662460649395"
"25","49","49","49","-59497.381436839394","-109175.72494356887","-16204.271588163312"
"26","51","51","51","-66187.18166237905","-127129.17083185032","-5578.882522972138"
"27","53","53","53","-60771.297284306274","-87376.76313459159","-3564.78199795773"
"28","55","55","55","-54709.45874990926","-93300.73247803129","-2403.1405078649877"
"29","57","57","57","-52345.81784290311","-96562.5728231525","-2352.094273701469"
"30","59","59","59","-61610.92158443043","-102497.8998507902","-6341.133422909214"
"31","61","61","61","-59751.794066181035","-98510.48470784097","-10063.095893307189"
"32","63","63","63","-56756.13240424397","-84338.03770945575","-7778.124919901191"
"33","65","65","65","-64972.017685859886","-85884.46411938529","-22225.503481907308"
"34","67","67","67","-66065.76257823229","-101190.8631295642","-5419.704098197669"
"35","69","69","69","-59124.76267785563","-93599.06449130729","-1103.3725175241523"
"36","71","71","71","-61765.52922885345","-102859.0479402306","-3975.7526157694415"
"37","73","73","73","-53861.67487741413","-100208.35445029612","-2725.794518617663"
"38","75","75","75","-51187.338280118114","-78688.45799474997","-3270.5371403692125"
"39","77","77","77","-54344.33981137653","-71073.97215065616","-28043.4198676668"
"40","79","79","79","-54372.40937559714","-65551.54061245629","-42185.12782109893"
"41","81","81","81","-58798.98864011678","-76246.58055315945","-32684.680356880326"
"42","83","83","83","-50104.157623126244","-98113.36052695093","-1079.8200643202376"
"43","85","85","85","-51685.06934312005","-81709.29450254934","-362.1285260994289"
"44","87","87","87","-46163.619846391455","-83283.32834807603","-316.33173674478735"
"45","89","89","89","-37264.79590523565","-58116.03111411592","-345.7695732207899"
"46","91","91","91","-38338.47932343423","-81402.1223906601","-1750.033238938129"
"47","93","93","93","-43236.70952717978","-73644.33770692474","-3598.8725108995063"
"48","95","95","95","-38886.38632450234","-71528.15882166708","-1593.2178777569231"
"49","97","97","97","-45671.19646695348","-92032.63775299974","-718.07753791532"
"50","99","99","99","-48319.999542241065","-108888.16619363961","-1889.7547196552575"
"51","101","101","101","-40843.472317538355","-106684.63904672628","-1150.9696609907162"
"52","103","103","103","-20348.162045275472","-56249.30932885364","-726.8248338972935"
"53","105","105","105","-19027.050843795663","-68406.34664712832","-438.56529165707997"
"54","107","107","107","-17462.871913087798","-57134.524894702234","-686.0224778828159"
"55","109","109","109","-27818.476341086633","-91945.56510119731","-1232.4774768498119"
"56","111","111","111","-23490.917292939186","-98652.25245138751","-956.2969282970959"
"57","113","113","113","-25464.977306822366","-106263.65214040145","-457.5781422696845"
"58","115","115","115","-24216.855691884393","-91583.43971432907","-562.1922023963346"
"59","117","117","117","-17845.602749499572","-82697.72061774986","-390.6438643713865"
"60","119","119","119","-18643.542275054035","-87352.47323582022","-558.0985834466375"
"61","121","121","121","-16040.766371199856","-75435.00317957503","-558.5598867595442"
"62","123","123","123","-18242.546353663383","-83549.82375357808","-1078.3192352049678"
"63","125","125","125","-15917.078003036473","-73920.42029077219","-320.9441662592474"
"64","127","127","127","-16884.47639573835","-75004.64327785393","-480.6510925994894"
"65","129","129","129","-15323.276388764449","-68873.88171534488","-644.1850341764592"
"66","131","131","131","-10375.337557284218","-40136.694344555246","-782.712433733265"
"67","133","133","133","-12063.639554125688","-40640.83322960313","-963.598963073812"
"68","135","135","135","-8367.66474733793","-29878.142647633515","-1333.5075116377957"
"69","137","137","137","-8948.518158513609","-38438.40534495397","-529.4901316823666"
"70","139","139","139","-10028.162627230413","-37806.492264295564","-782.6577049799115"
"71","141","141","141","-9043.765712278946","-34117.29752740275","-2134.935567099388"
"72","143","143","143","-8431.919929778813","-32930.8546322863","-958.9284117945491"
"73","145","145","145","-11878.004407649012","-39843.47122788346","-2208.1289569930154"
"74","147","147","147","-30990.76895764852","-81430.7020788556","-1488.718584813996"
"75","149","149","149","-27944.022459351494","-79346.22485828078","-781.1132733360301"
"76","151","151","151","-22239.304920815637","-88294.27623813898","-1218.0999876164299"
"77","153","153","153","-17414.216080677586","-64150.165061872496","-1475.1950478681974"
"78","155","155","155","-21228.27299423174","-78487.27797829566","-841.8112858065871"
"79","157","157","157","-17106.473693313543","-61466.82029067168","-1447.4739540999522"
"80","159","159","159","-12459.353812743331","-39857.60122410994","-1427.3496232217326"
"81","161","161","161","-5796.253912714475","-10178.693381528641","-1681.1271784400692"
"82","163","163","163","-3874.275800436214","-7799.451748984476","-1113.845641874949"
"83","165","165","165","-4329.004306194611","-8945.910501884739","-831.8099618358624"
"84","167","167","167","-6573.34284463284","-17802.246296678237","-452.80747403212973"
"85","169","169","169","-11358.569351426582","-36470.24247594956","-1366.9076848844722"
"86","171","171","171","-12304.551964868773","-39313.20332573734","-951.3727584902946"
"87","173","173","173","-10391.675446634288","-28728.755231627096","-1247.9200741089705"
"88","175","175","175","-14914.538496999066","-41386.65361111369","-1634.7259662444978"
"89","177","177","177","-13065.425976033808","-40943.481244566974","-311.2697737435779"
"90","179","179","179","-14115.750761734473","-40410.70950264085","-552.9495020821043"
"91","181","181","181","-21085.58851602045","-54431.4924933084","-499.85520173767935"
"92","183","183","183","-18978.92405276432","-41138.03194051816","-1244.555602197476"
"93","185","185","185","-20673.315727378562","-42099.04086881383","-5880.648514029113"
"94","187","187","187","-22712.496842857756","-56747.75911147847","-1917.935486357514"
"95","189","189","189","-20734.57924039369","-45280.92917804175","-1135.5407017171458"
"96","191","191","191","-13691.52214782882","-34947.90480538508","-1535.3700429469552"
"97","193","193","193","-7081.52722464634","-22140.688960730615","-2056.45104945469"
"98","195","195","195","-6060.340969115372","-20630.387042350172","-1170.3945567884045"
"99","197","197","197","-4424.7669791156695","-16023.11053959965","-637.6471440854847"
"100","199","199","199","-5246.678453651717","-21488.97977214207","-394.0082757407608"
"101","201","201","201","-6691.553912629877","-24595.378142186215","-681.1289804231225"
"102","203","203","203","-13101.5246546685","-33242.509327409694","-156.74806222370793"
"103","205","205","205","-9557.176526447409","-30770.26037868742","-153.47940383682322"
"104","207","207","207","-6090.928178824273","-14571.006443648428","-436.0328678479905"
"105","209","209","209","-6886.751337220172","-30215.535966715648","-170.65986795197648"
"106","211","211","211","-3907.299380375148","-16480.668071262953","-48.77813802695238"
"107","213","213","213","-5635.143554557441","-22717.112185211685","-406.0134882234051"
"108","215","215","215","-5272.335646549879","-17727.973023967363","-213.58884829906063"
"109","217","217","217","-6344.788057942518","-18141.03633467278","-293.4212783623534"
"110","219","219","219","-12278.752994001621","-41349.598102881624","-706.7905545111604"
"111","221","221","221","-10775.449337056505","-34113.69192384198","-165.91384130326628"
"112","223","223","223","-10078.934091137025","-39293.39281687625","-103.44073793395997"
"113","225","225","225","-9943.667894536486","-36684.24436803238","-489.1508672612662"
"114","227","227","227","-9361.713675970148","-38868.50144495622","-303.36911927634253"
"115","229","229","229","-14856.840919894996","-38511.0747301854","-433.5548236335909"
"116","231","231","231","-13234.6413672172","-39031.41163456117","-184.94998266270423"
"117","233","233","233","-9464.46898632471","-37307.2046252655","-420.8563606364808"
"118","235","235","235","-9241.773097096782","-34341.84426679825","-204.1758857244566"
"119","237","237","237","-7746.49943898738","-28441.232402793827","-574.3519556098945"
"120","239","239","239","-9995.82630373917","-34890.5050064451","-138.22695776697174"
"121","241","241","241","-19313.725597758916","-67689.91736477466","-265.41179355537673"
"122","243","243","243","-8957.71603491368","-37562.16196630123","-357.50800805156683"
"123","245","245","245","-11993.957879234802","-39797.71707961444","-413.8523109408554"
"124","247","247","247","-8294.024706261282","-36490.17806905381","-295.9537313923299"
"125","249","249","249","-9756.076961848563","-40016.29039278571","-505.90008485924136"
"126","251","251","251","-2455.6797341003653","-5980.583422995226","-144.74883355185028"
"127","253","253","253","-2631.141377246941","-5695.558078275524","-240.6991459901362"
"128","255","255","255","-1772.3321836472282","-3425.469016684693","-141.22056139905447"
"129","257","257","257","-2829.483801609963","-5686.247654589203","-141.2442809028207"
"130","259","259","259","-2176.0205838732813","-4477.651252636425","-210.29014278740522"
"131","261","261","261","-3041.5038693035776","-6741.12086988999","-265.4070929572181"
"132","263","263","263","-2681.3506869950616","-7054.034114221389","-237.1933920752286"
"133","265","265","265","-3070.7289321335807","-11081.286068738047","-148.24871961217505"
"134","267","267","267","-3128.869297492377","-11337.010106414358","-437.7128252162475"
"135","269","269","269","-2007.598125401474","-5458.912156600566","-452.16556194046535"
"136","271","271","271","-2199.955278798961","-7427.237580700127","-331.22584319637565"
"137","273","273","273","-1496.5061780470714","-3623.678076833643","-208.58905447727656"
"138","275","275","275","-1140.7367975788773","-2291.9671791102573","-627.8901840028371"
"139","277","277","277","-1203.2509045504546","-2337.336527665654","-676.3657674605203"
"140","279","279","279","-1255.8738227063998","-2460.4147936350446","-404.7355043957003"
"141","281","281","281","-1567.5047764182254","-3894.1928992224334","-655.7064666242201"
"142","283","283","283","-1802.7726118207524","-3699.200933053872","-861.9776034444867"
"143","285","285","285","-2026.3878659178165","-3866.6881644525192","-959.2636964980996"
"144","287","287","287","-2056.2874599915936","-3472.8574674803976","-586.6439991207549"
"145","289","289","289","-1513.2361614769302","-2593.3200756820843","-272.5699024182087"
"146","291","291","291","-991.5023578793028","-2244.464148066517","-546.6290035439396"
"147","293","293","293","-1327.8528763077143","-2571.849418434926","-224.0651458273017"
"148","295","295","295","-1062.5270878126391","-2116.8334910537696","-579.4324581916126"
"149","297","297","297","-779.6988312686137","-1478.0698267536561","-378.80353361798"
"150","299","299","299","-1382.2240897998115","-2664.517576640866","-286.2091878836098"
"151","301","301","301","-1255.3794971448353","-2428.9102331090226","-267.18489287580803"
"152","303","303","303","-1177.4017015143697","-2281.295113310012","-379.3253027139794"
"153","305","305","305","-1544.4926654834305","-3206.504407412811","-250.7977987826161"
"154","307","307","307","-1572.624714518329","-3709.3066192912256","-170.52567711447674"
"155","309","309","309","-1532.1760940786262","-3860.6598704875432","-457.67557415985215"
"156","311","311","311","-1444.1173259198927","-2694.103135935122","-361.8958265427902"
"157","313","313","313","-1419.9667445428672","-2825.367181501084","-725.4329404762981"
"158","315","315","315","-2275.4125426721375","-3151.092736021282","-911.9111407551311"
"159","317","317","317","-1726.6323593755355","-2694.5602453571382","-834.3596775873617"
"160","319","319","319","-1859.7490297883135","-3764.6539024068866","-673.5879578906669"
"161","321","321","321","-2700.2205258273943","-4700.457344585214","-828.482487104298"
"162","323","323","323","-2822.4340261456805","-6140.387913434785","-941.1487583931572"
"163","325","325","325","-2377.9016438059025","-5293.670057708246","-383.23068111019967"
"164","327","327","327","-3063.4298907540065","-5603.777671954221","-568.3629552884726"
"165","329","329","329","-5038.218162461265","-11337.65586670408","-1006.3344713543815"
"166","331","331","331","-2715.760912205974","-6322.554231256717","-680.7684895816825"
"167","333","333","333","-3049.0455719526703","-8500.736950734137","-899.8099975681654"
"168","335","335","335","-3714.369145029674","-7532.2150318953045","-832.3813541421588"
"169","337","337","337","-3155.30027028436","-5796.393969862713","-644.9364836385466"
"170","339","339","339","-3873.27582167287","-8042.814697867391","-911.78832507392"
"171","341","341","341","-6664.072031796217","-19965.070039215883","-997.7786519140999"
"172","343","343","343","-3740.936460734532","-9746.263781057798","-1059.4065286867294"
"173","345","345","345","-3683.3859598429553","-7579.569191828117","-1021.7792665659971"
"174","347","347","347","-5712.098019338218","-17260.78003598852","-324.8768332690216"
"175","349","349","349","-8281.097430945634","-29515.34060599301","-398.3297893290626"
"176","351","351","351","-5857.824222453485","-16283.14272347064","-510.0281026653973"
"177","353","353","353","-8969.786078890003","-33170.83925572429","-824.3087294413413"
"178","355","355","355","-5030.292607860388","-13343.314584925565","-502.0678392093919"
"179","357","357","357","-3955.6881410630167","-6803.043248832752","-1034.5467506940145"
"180","359","359","359","-4945.310224383218","-10296.524970494775","-942.2948928309685"
"181","361","361","361","-3925.696510198951","-7574.545044304049","-545.2401490886747"
"182","363","363","363","-4032.042865277786","-6681.414508913964","-903.1729550195967"
"183","365","365","365","-3243.978155181092","-6502.377277942467","-418.171033013903"
"184","367","367","367","-4709.7938040882345","-13501.803547687092","-659.1021661010545"
"185","369","369","369","-2898.3413055505002","-6793.379206262873","-850.1234377011032"
"186","371","371","371","-4039.6825794270576","-11718.914272950115","-644.5198898148661"
"187","373","373","373","-3353.829623843068","-9890.823545617379","-418.97810465903365"
"188","375","375","375","-2154.1933185656712","-6298.494788113623","-463.8372807351228"
"189","377","377","377","-2954.878434341331","-6644.171751258592","-371.8929993592868"
"190","379","379","379","-2307.1038073333125","-5429.709773049056","-385.51764892769586"
"191","381","381","381","-2193.1796332517183","-5359.036271167389","-535.9255474927401"
"192","383","383","383","-2478.7865911016315","-5534.703154999245","-967.4974129354742"
"193","385","385","385","-1990.4797674036788","-5297.723992676811","-804.1599898572892"
"194","387","387","387","-2070.7150220849535","-5398.590519831345","-1129.7778408031475"
"195","389","389","389","-1800.7945849476498","-4806.727565083471","-484.3541547693172"
"196","391","391","391","-1597.4313095075454","-4543.256175195369","-713.4799571143961"
"197","393","393","393","-1814.210134761816","-4854.597156794754","-643.949396805424"
"198","395","395","395","-1507.647329134999","-3437.158317108676","-560.1575743202391"
"199","397","397","397","-1528.9581586988734","-3549.58623173131","-395.1623436285658"
"200","399","399","399","-990.9238287097007","-2593.5871191362585","-193.10361090549935"
"201","401","401","401","-1318.151346796729","-3592.521619904091","-321.41479053081764"
"202","403","403","403","-1285.3708439802976","-2440.837441363995","-508.09709329311266"
"203","405","405","405","-1406.307109523917","-2727.725920429002","-490.9684326706727"
"204","407","407","407","-1250.3956587915673","-3503.954234393931","-385.84896851179553"
"205","409","409","409","-1243.79029334243","-2322.0135905656284","-371.11346917034837"
"206","411","411","411","-1592.5962471290604","-3189.676820323354","-304.88116551713233"
"207","413","413","413","-1423.5712296039376","-2703.3205771319404","-331.8600697160982"
"208","415","415","415","-1270.3042710784098","-2542.554548761412","-433.97254460411375"
"209","417","417","417","-1208.701083200368","-2993.124107664528","-194.53362434543084"
"210","419","419","419","-1030.7220583643457","-1830.3983999798481","-334.72567315095284"
"211","421","421","421","-1057.3441764423765","-1625.0137612747849","-283.28951809451576"
"212","423","423","423","-844.8673894874835","-1408.1492727049106","-334.5070616865273"
"213","425","425","425","-1211.1274220403461","-2024.106030886279","-488.4696085029471"
"214","427","427","427","-1103.541275509893","-1825.2166151231365","-413.20843037545353"
"215","429","429","429","-1287.428284506825","-2140.073975030231","-549.2505114061123"
"216","431","431","431","-1173.2284334561832","-2847.4330878890464","-387.90475097958165"
"217","433","433","433","-1032.1910892759438","-2471.6550815844453","-348.04628943915117"
"218","435","435","435","-1357.7303739774964","-2245.3598345426035","-744.0527824138951"
"219","437","437","437","-1111.82907077335","-2114.9696606724297","-582.8460462098185"
"220","439","439","439","-1021.5257831725721","-2438.0918537244447","-318.7581108895575"
"221","441","441","441","-1292.7668081958673","-2329.0950204347614","-446.2548170918118"
"222","443","443","443","-1380.3853937871131","-2579.600363995968","-841.9057635061098"
"223","445","445","445","-1376.8845203597439","-3263.595813203165","-340.5762227600543"
"224","447","447","447","-1214.431678317755","-2648.637806511759","-204.4588606924776"
"225","449","449","449","-1516.0601842711721","-2648.759074018287","-571.4071736939339"
"226","451","451","451","-927.7600430740538","-2168.424606530793","-235.86777845150488"
"227","453","453","453","-974.5343926226799","-1856.6207194285457","-165.11236529575942"
"228","455","455","455","-981.4218123091293","-1722.1627070145405","-275.5683938106852"
"229","457","457","457","-1050.672964506987","-2544.8700620888444","-467.71668475535495"
"230","459","459","459","-1290.642399910179","-2593.930259384595","-330.8739232599888"
"231","461","461","461","-774.873403253657","-1600.4572608230783","-321.2574372247945"
"232","463","463","463","-1050.8882667688135","-1724.2745125237016","-340.99379725907085"
"233","465","465","465","-806.652215488966","-1547.4010553972093","-155.02392624841926"
"234","467","467","467","-917.6552085489511","-1948.9140534973471","-180.03051288162646"
"235","469","469","469","-734.9752886713784","-1271.3392309994554","-382.14011875319187"
"236","471","471","471","-836.0315078833697","-1744.9819055701307","-275.5976212162896"
"237","473","473","473","-606.6941244293522","-1229.6721308931292","-187.89405155064742"
"238","475","475","475","-877.6089457627779","-1513.557013708453","-186.95307595196334"
"239","477","477","477","-613.3739844699699","-1291.1213192187709","-308.14398168874226"
"240","479","479","479","-921.702202151253","-1902.247321158577","-164.95428244860858"
"241","481","481","481","-987.1589174016214","-1478.7750154479552","-159.76369364645643"
"242","483","483","483","-549.7913486592773","-954.358753140123","-127.43108602165216"
"243","485","485","485","-918.1212334079701","-1880.4607296511776","-217.5414692591568"
"244","487","487","487","-745.4021318268858","-1204.1905882186397","-359.0813995419871"
"245","489","489","489","-1259.1180688004995","-2576.288596321818","-148.39660827567144"
"246","491","491","491","-631.6937652724062","-1104.4138500840509","-281.6140792890488"
"247","493","493","493","-660.3999687797426","-1037.383941623004","-91.25030203386073"
"248","495","495","495","-571.9133837199677","-1091.4498332213273","-85.50027821702183"
"249","497","497","497","-647.9982145261209","-1505.0272648879277","-187.81953065060847"
"250","499","499","499","-729.2967940184728","-1218.394612361189","-129.09165917047054"
"251","501","501","501","-654.3024203201711","-1026.4049819183706","-63.8870213418394"
"252","503","503","503","-770.4940121978171","-1765.3141955792303","-137.29997884395203"
"253","505","505","505","-426.57571120404225","-501.3711943633495","-245.90128621602577"
"254","507","507","507","-906.0055727379565","-2133.817001805368","-297.1501135360101"
"255","509","509","509","-698.4973535196395","-1938.055040434301","-68.38036403013521"
"256","511","511","511","-741.7393121604675","-1908.2647187746559","-178.18912567703347"
"257","513","513","513","-738.0091176805545","-1409.826312301995","-157.46822083531387"
"258","515","515","515","-922.8735467953077","-2488.392940553827","-155.3666125280242"
"259","517","517","517","-631.3499602373638","-1118.3746768395924","-233.56471684987565"
"260","519","519","519","-597.187649800738","-1649.6564790014327","-43.08537357010456"
"261","521","521","521","-586.2626276835117","-1057.6238042652863","-63.26737188351292"
"262","523","523","523","-491.46839936020604","-936.290779828002","-88.000559603237"
"263","525","525","525","-646.7857819331807","-1585.526827129642","-77.82193884279025"
"264","527","527","527","-855.0980982794019","-1370.8325721702913","-257.85928106842925"
"265","529","529","529","-651.3292303885388","-1332.5554959480528","-73.30608502594265"
"266","531","531","531","-964.870480931398","-1694.3917008737542","-174.4271204567107"
"267","533","533","533","-904.6103215393966","-1378.7634088334985","-360.5801942762425"
"268","535","535","535","-913.3791519475972","-1478.1382538683347","-187.16444851822578"
"269","537","537","537","-571.6728933564798","-982.9742561342945","-196.1582804391016"
"270","539","539","539","-606.3824624936813","-1219.3860489550075","-326.75681168644076"
"271","541","541","541","-877.1850837531025","-1802.8685229670575","-210.74769585466169"
"272","543","543","543","-1155.6057604051578","-2222.1909308035492","-418.2499676820252"
"273","545","545","545","-754.9320897982802","-1559.3063247159857","-102.85210788412246"
"274","547","547","547","-936.8940132881532","-1761.1001985506014","-338.0048852660601"
"275","549","549","549","-875.7195920644502","-1774.8128385043738","-227.4903929660158"
"276","551","551","551","-760.9519295250375","-1409.7285042195645","-352.8024443058667"
"277","553","553","553","-1069.2456896100334","-1338.324208041712","-714.2178178046443"
"278","555","555","555","-778.5666544631799","-2012.210908539993","-276.6649810657327"
"279","557","557","557","-761.6611438478727","-1372.147673004599","-287.07712732769613"
"280","559","559","559","-867.2680822630424","-2215.2247838256835","-421.18456745322896"
"281","561","561","561","-737.2062510748689","-953.9731023225007","-424.4716813064766"
"282","563","563","563","-590.6436863414467","-1018.8932298948471","-196.05165605771796"
"283","565","565","565","-891.5580298095317","-1122.606697581805","-471.3408169744503"
"284","567","567","567","-691.7519230886164","-1245.9515498946166","-328.6914820144759"
"285","569","569","569","-740.3408855602528","-1410.5083372328254","-286.0258501084657"
"286","571","571","571","-878.0902802143625","-1715.9536397728068","-480.9117595342655"
"287","573","573","573","-844.8889151252904","-1555.5559844072188","-323.96165893375314"
"288","575","575","575","-862.6477128818699","-1309.2397782681812","-560.4934298708039"
"289","577","577","577","-825.5139717104381","-1387.642931359024","-311.9409711364651"
"290","579","579","579","-1150.103017632247","-1894.1037192878732","-199.95552743199943"
"291","581","581","581","-798.4137951968756","-1972.5961841170433","-190.43388902810517"
"292","583","583","583","-905.5603403144557","-2152.098331253258","-235.83774600674155"
"293","585","585","585","-790.7290769124006","-1208.6390631131053","-479.9448901419062"
"294","587","587","587","-944.4652305982278","-1667.6910269415746","-597.7113766788073"
"295","589","589","589","-765.6804555112305","-1542.1430084971253","-345.5449991125847"
"296","591","591","591","-1207.883968460944","-2100.3938500096187","-486.7535653403348"
"297","593","593","593","-815.8744263214139","-1524.1805585199834","-478.8673110453717"
"298","595","595","595","-788.2997737643861","-1524.6003038704039","-294.34535054127804"
"299","597","597","597","-723.3980461300573","-1031.635309275645","-409.8394999751314"
"300","599","599","599","-744.5166015339435","-1114.014417213719","-528.4692883533078"
"301","601","601","601","-713.5960596404834","-998.6572134956187","-524.8209028964388"
"302","603","603","603","-800.4332298520969","-1536.8414842553004","-193.73847523851583"
"303","605","605","605","-985.6012995951576","-2396.9675781730884","-277.9521567447827"
"304","607","607","607","-1334.8218976904943","-5204.174670671523","-97.57729862647723"
"305","609","609","609","-625.5814437269617","-1379.7795628070794","-200.61160105006496"
"306","611","611","611","-728.1581416686336","-914.3680628988097","-405.97030721202447"
"307","613","613","613","-473.80597102953936","-628.9830518484391","-309.96518157624496"
"308","615","615","615","-654.2212072711314","-1046.7139517517935","-241.72655554409945"
"309","617","617","617","-504.98391393219947","-820.871517288197","-306.37012547325656"
"310","619","619","619","-456.51818363008414","-806.3629712867206","-83.86514967819946"
"311","621","621","621","-558.7208904632848","-793.4175870761602","-217.73501882726538"
"312","623","623","623","-346.9555537062629","-450.17238433134366","-212.81412251694104"
"313","625","625","625","-425.2070669593669","-579.3691827929493","-201.52971053095956"
"314","627","627","627","-469.03869894469096","-895.8309162516721","-99.24375014424105"
"315","629","629","629","-760.2353147801516","-911.4504784185818","-520.7702854214311"
"316","631","631","631","-467.14583891911514","-782.8421987174905","-94.30098635331103"
"317","633","633","633","-511.9708100646411","-675.7544022372596","-285.1555430950928"
"318","635","635","635","-410.9373287948671","-574.1086641015836","-110.93912557500482"
"319","637","637","637","-767.8947561489766","-1301.6375628945564","-357.78719697132203"
"320","639","639","639","-2061.6286313062187","-8087.983055005359","-267.8967281784611"
"321","641","641","641","-1690.410511628162","-6565.269163986706","-195.98369536051013"
"322","643","643","643","-1852.2496412744028","-6482.3436352729495","-341.8457394906466"
"323","645","645","645","-1350.969837031974","-4315.109377667453","-62.38062810627831"
"324","647","647","647","-1246.8970454995485","-4219.2380088701675","-122.11421363633514"
"325","649","649","649","-1291.4522973141952","-4509.455704019798","-304.975851639344"
"326","651","651","651","-1331.897730203484","-3775.9401229642003","-405.81898316001354"
"327","653","653","653","-918.0440896054054","-2624.344779289355","-221.32872773271362"
"328","655","655","655","-488.9350116216432","-1229.1617971564347","-234.94925400765044"
"329","657","657","657","-580.2213002876035","-1233.528523458929","-116.09652199488913"
"330","659","659","659","-392.4453651579757","-752.0550596152608","-141.9622110770835"
"331","661","661","661","-407.1618993180432","-643.5882701958901","-133.78334465209917"
"332","663","663","663","-597.0413871245253","-953.9907379884522","-243.88632410059333"
"333","665","665","665","-495.3088830567981","-739.2802640826594","-310.2585332102318"
"334","667","667","667","-562.602395738262","-1112.1530590079735","-143.4422959753636"
"335","669","669","669","-615.3401781842375","-1116.886580582668","-369.3032326247944"
"336","671","671","671","-512.5161930036165","-1122.6152437714816","-112.32327509048467"
"337","673","673","673","-905.3994696492206","-2857.679516405","-82.62175129314707"
"338","675","675","675","-867.5705440260717","-2796.1820060144128","-334.013942568669"
"339","677","677","677","-804.936058033102","-2761.687741773907","-120.75441791261578"
"340","679","679","679","-785.988566334049","-2279.6974965440613","-111.36292953737366"
"341","681","681","681","-919.5629710270402","-2699.878145885178","-93.9587522834998"
"342","683","683","683","-1258.8523933019842","-3850.5231831696165","-387.9390691855561"
"343","685","685","685","-1168.5290290144626","-3102.691853464671","-199.56856978479436"
"344","687","687","687","-1105.6186314508675","-2843.61766374674","-337.94138941289856"
"345","689","689","689","-966.2338147462879","-2164.28732437782","-525.0386283019587"
"346","691","691","691","-1148.2386060996255","-2538.0922170972513","-701.7525679222629"
"347","693","693","693","-934.9952140579838","-2687.5339673810745","-69.70595332628274"
"348","695","695","695","-1565.8335050135156","-4550.583960903639","-238.26157071861607"
"349","697","697","697","-1262.2185586769835","-3364.7391612966535","-325.3912360364503"
"350","699","699","699","-1268.0106496079807","-4292.298363592423","-297.8097989754292"
"351","701","701","701","-1494.4631756309755","-4879.65331722415","-190.6937514851391"
"352","703","703","703","-1586.0673362493494","-4498.4234380899825","-523.1607418063513"
"353","705","705","705","-2238.0439302054465","-7715.834720153286","-309.58591380936235"
"354","707","707","707","-2013.6613518437728","-7657.349243917284","-97.81572771031013"
"355","709","709","709","-2098.65459164655","-8128.922531516913","-132.5957295034219"
"356","711","711","711","-1715.8231477382622","-6395.838486762778","-254.29323336468596"
"357","713","713","713","-2160.7703251455973","-6426.980240843458","-478.8812765724848"
"358","715","715","715","-1274.0715685410291","-3993.995565539286","-278.73048279613084"
"359","717","717","717","-1189.4070792991056","-3525.7743629357074","-82.31484199608836"
"360","719","719","719","-1451.8712104045057","-4227.661913893605","-202.24740852674614"
"361","721","721","721","-1207.6638648820394","-4470.16615923934","-138.05070917985873"
"362","723","723","723","-1194.9671658600914","-3090.8590870320345","-205.95545600282423"
"363","725","725","725","-1119.8719604991352","-2907.127686108107","-390.79148043822744"
"364","727","727","727","-1184.9969594811707","-2913.678492149449","-277.5376918715738"
"365","729","729","729","-1309.3918279339298","-3657.9902382711075","-224.30708117231725"
"366","731","731","731","-1351.5361164686087","-3897.7770132029564","-126.59782299251059"
"367","733","733","733","-1985.1829357591935","-4504.472353630774","-445.6927153804"
"368","735","735","735","-2846.7071242100947","-11160.195865368587","-233.96321722340002"
"369","737","737","737","-4633.711930058882","-20194.885845620338","-182.51459074535927"
"370","739","739","739","-5861.948939271582","-26521.101524013236","-341.655865474651"
"371","741","741","741","-3771.8392278772467","-15208.238593894934","-264.0759909276058"
"372","743","743","743","-3581.0866529936366","-14250.327883052254","-173.54065614993337"
"373","745","745","745","-2935.0105398459154","-11421.540532320321","-441.1202497812338"
"374","747","747","747","-1125.1193946006456","-2928.0678979929926","-503.6478242732823"
"375","749","749","749","-1367.2542667699063","-3971.322143132867","-515.7100474055487"
"376","751","751","751","-761.1828996114733","-1621.102475038831","-189.33509212813735"
"377","753","753","753","-1349.6791845999094","-2519.1683848777748","-669.6823680637156"
"378","755","755","755","-1101.201651686718","-3567.6995480467617","-217.98878532014822"
"379","757","757","757","-1120.0273734401533","-2017.5235713996624","-693.5137900097858"
"380","759","759","759","-1179.8783096696293","-2912.905516550157","-308.9211921116749"
"381","761","761","761","-1156.7233685141862","-3010.606404480039","-546.4364915306976"
"382","763","763","763","-1301.0232785789844","-3226.4309190827594","-370.06164181955324"
"383","765","765","765","-1272.4435967859092","-3415.563873125969","-404.279868996476"
"384","767","767","767","-1295.000743693869","-3781.4969892134404","-326.6178311104705"
"385","769","769","769","-947.5947154541643","-2410.905706809722","-300.25634579058055"
"386","771","771","771","-878.5742098706696","-2403.0782734392787","-173.38527487987122"
"387","773","773","773","-1240.7993443170812","-3249.5303882652697","-512.5018485033473"
"388","775","775","775","-796.6880353945857","-1618.1944944434827","-81.41966210045248"
"389","777","777","777","-1075.7995951406842","-2698.0758421550768","-175.59852709464866"
"390","779","779","779","-665.6380890106714","-1481.2819714445038","-255.76527906876166"
"391","781","781","781","-741.5463661622368","-1186.188778392796","-476.21821604191115"
"392","783","783","783","-626.1361181487674","-1211.901139416419","-258.6553432001398"
"393","785","785","785","-630.8400904853386","-1376.1632800328764","-108.5705301719829"
"394","787","787","787","-785.8664570339643","-1541.794023355276","-313.4595056525327"
"395","789","789","789","-593.0301975370089","-949.8694134082253","-352.81173981011796"
"396","791","791","791","-565.4127705630275","-1144.6631225876176","-222.55719934766336"
"397","793","793","793","-392.17090959633776","-509.22868098888324","-286.4415300090589"
"398","795","795","795","-418.1100283560998","-640.4496118842769","-256.2809799859789"
"399","797","797","797","-538.3383996483096","-1297.81596272684","-60.18991708426264"
"400","799","799","799","-483.6115699678086","-730.508734185045","-228.70017937368195"
"401","801","801","801","-428.2838700611884","-651.4513049823615","-151.25562986529815"
"402","803","803","803","-407.08820495134955","-696.2173329630579","-158.0990397320416"
"403","805","805","805","-459.635999022427","-803.1119932628188","-220.66872090334078"
"404","807","807","807","-578.6771256974405","-1194.3611138076083","-235.20436647183308"
"405","809","809","809","-654.5775665189549","-1756.2758900698364","-157.17844788790055"
"406","811","811","811","-631.4436130767909","-1721.1390714706304","-153.6938712580577"
"407","813","813","813","-710.6988278772747","-1351.832959938157","-245.633050246276"
"408","815","815","815","-706.0297776965084","-1539.135973958267","-118.22657023644707"
"409","817","817","817","-593.562296904168","-789.748313716676","-285.87936445572416"
"410","819","819","819","-764.9347421649114","-1264.3497545127368","-212.57466779840505"
"411","821","821","821","-697.4564874316675","-1859.8900602105457","-258.7381168313657"
"412","823","823","823","-386.7869522388721","-1005.224899511964","-96.39566863359758"
"413","825","825","825","-758.1390416173474","-1902.919395886864","-149.2943287222362"
"414","827","827","827","-519.8439799274979","-1112.2696182187326","-279.1122721963967"
"415","829","829","829","-695.5588296681732","-2026.1476027855936","-52.371546066218194"
"416","831","831","831","-913.4082287709476","-3120.330860234754","-125.02103381130289"
"417","833","833","833","-698.3981010556105","-2283.1081142961502","-89.58448653665825"
"418","835","835","835","-558.5254092838265","-1494.8996260723266","-204.18283439263337"
"419","837","837","837","-761.092420349172","-3139.501946838114","-14.816282650774436"
"420","839","839","839","-610.764606395713","-1575.5182847218841","-61.8593890511568"
"421","841","841","841","-832.8874766765042","-2327.5323829004806","-237.15834723828115"
"422","843","843","843","-746.5176301678212","-2888.7603555717956","-105.88385820131792"
"423","845","845","845","-783.4411686488608","-2420.3359180676825","-165.82663546987357"
"424","847","847","847","-774.3119980791755","-2539.858830053234","-281.6232037358641"
"425","849","849","849","-911.8499489106862","-2402.8355607201343","-252.56235142218554"
"426","851","851","851","-711.6347071622981","-2039.1749344828866","-109.88724350528736"
"427","853","853","853","-1117.2019884063563","-3462.356370492393","-116.27830322480351"
"428","855","855","855","-759.6258516512811","-2261.4824437798075","-250.53087276507148"
"429","857","857","857","-961.6457308475552","-1813.948881658053","-317.15634150380026"
"430","859","859","859","-646.2916911600498","-2071.727204356072","-66.03432389752278"
"431","861","861","861","-777.0149958477502","-2401.724824427321","-149.76994373102139"
"432","863","863","863","-634.9838474387076","-1805.3241061192052","-123.86128070167061"
"433","865","865","865","-820.2530498295852","-1995.7691882830964","-278.8020087609396"
"434","867","867","867","-846.4967180376218","-2981.2806338337455","-245.45137684343996"
"435","869","869","869","-767.4803629946424","-2409.93249300641","-212.57153060448232"
"436","871","871","871","-669.8324404998009","-1933.022617410453","-98.59382822026059"
"437","873","873","873","-841.562390506162","-2375.2922127957663","-204.55182956944697"
"438","875","875","875","-778.4129983296765","-1667.3494194871728","-260.9303905819472"
"439","877","877","877","-742.4911415128861","-2564.00187488352","-217.2814846641412"
"440","879","879","879","-695.739816621638","-2172.6397828230943","-136.37276788938524"
"441","881","881","881","-817.7870944573554","-2485.4888296346826","-197.67798713386279"
"442","883","883","883","-667.5521511644567","-1273.2180567063904","-245.04572614134682"
"443","885","885","885","-1319.9779189521948","-3878.5739709988666","-338.9519656998609"
"444","887","887","887","-766.976702803237","-2845.966438488591","-60.7051232293694"
"445","889","889","889","-911.2915494052173","-3003.822893805833","-176.00448152791807"
"446","891","891","891","-751.0291666514831","-2619.6426715216408","-111.37662789435086"
"447","893","893","893","-907.0312506716766","-2836.385495893297","-91.7925512894775"
"448","895","895","895","-925.4047860276535","-2833.7307463799225","-149.16080548984786"
"449","897","897","897","-845.2905658130985","-2651.3494058688457","-248.68698351989119"
"450","899","899","899","-828.4376040813937","-1866.3475857815622","-242.61054854435426"
"451","901","901","901","-954.5114220826019","-3642.894040307593","-101.08546566190627"
"452","903","903","903","-1172.6344072063412","-4406.079262582081","-147.6514100138111"
"453","905","905","905","-659.2690721659583","-2090.032874518594","-38.45428870203193"
"454","907","907","907","-1130.5875833834116","-4247.160429402453","-67.03778720308091"
"455","909","909","909","-937.264108692589","-3115.38192036772","-140.14902175102347"
"456","911","911","911","-1205.962269029333","-4663.83866297574","-77.64402755336603"
"457","913","913","913","-831.9481941839115","-3286.392251199074","-32.55414666532095"
"458","915","915","915","-1033.733213578454","-4141.65384453583","-60.826276068658174"
"459","917","917","917","-899.1293000902942","-3608.034153428645","-62.6198165232465"
"460","919","919","919","-1028.4253384167946","-4151.1802443654005","-139.35692965062498"
"461","921","921","921","-984.2310979810585","-3321.9700648715307","-126.89733413422017"
"462","923","923","923","-743.5176499308407","-2696.2160617612","-35.78149284877247"
"463","925","925","925","-585.0539129587175","-1700.9642655071546","-166.68375171259595"
"464","927","927","927","-542.9266124880996","-1075.0909615897929","-278.7835265744098"
"465","929","929","929","-5603.062308951516","-24143.46912162444","-248.3705419495257"
"466","931","931","931","-1006.8260577066103","-3164.8365915636205","-181.1061347645873"
"467","933","933","933","-721.0130317021406","-1426.3383661860294","-154.5545107241451"
"468","935","935","935","-768.0621655078796","-2076.9802710240374","-167.94864662340927"
"469","937","937","937","-457.0182681505532","-1100.9177016131243","-133.10504101673635"
"470","939","939","939","-639.877025645231","-1176.853593402736","-107.87809110615196"
"471","941","941","941","-819.1745397233932","-1772.573099393532","-136.11397193703422"
"472","943","943","943","-527.7356595438639","-1046.2824722539817","-149.6949911119314"
"473","945","945","945","-520.5548307328594","-1544.7035044139648","-156.414742953774"
"474","947","947","947","-506.9732486601994","-838.4545878464403","-165.55418808010188"
"475","949","949","949","-660.3469947873938","-1199.4302356595936","-196.74253241750523"
"476","951","951","951","-318.67141775947374","-603.5875784847001","-121.59738008291954"
"477","953","953","953","-532.9339751580835","-901.2168723557613","-324.78865101634904"
"478","955","955","955","-349.4244442324126","-537.9330519051225","-222.14627264735637"
"479","957","957","957","-683.649205980335","-1207.7504620620155","-372.48428808068945"
"480","959","959","959","-587.2487330553172","-814.4960084208841","-366.7634770608236"
"481","961","961","961","-426.42145917992457","-791.8914621357623","-202.6839882411639"
"482","963","963","963","-589.4463452773044","-934.2727480894899","-130.69288450068666"
"483","965","965","965","-388.3471362049622","-477.0611157053016","-280.756094544096"
"484","967","967","967","-520.8484976178069","-975.7669295196843","-83.62985707318671"
"485","969","969","969","-572.945239070786","-1028.6934491449413","-169.17270263067343"
"486","971","971","971","-704.5662450976818","-1333.889123968078","-182.29383694763317"
"487","973","973","973","-554.364425076163","-1364.1366410132061","-86.03622597521435"
"488","975","975","975","-572.8929203159363","-1427.9121878377903","-47.6824424759777"
"489","977","977","977","-668.1090450875848","-1703.9793944849591","-170.38076797747772"
"490","979","979","979","-457.0664391414469","-649.972196191436","-284.25893794287714"
"491","981","981","981","-499.2599288964999","-1107.7122819123447","-127.69886151323732"
"492","983","983","983","-504.76632574939265","-1441.654002804119","-75.59043146934785"
"493","985","985","985","-727.3961744114328","-2075.4590016359075","-159.44282330032328"
"494","987","987","987","-709.784752842758","-1350.2158142348956","-187.12601555283928"
"495","989","989","989","-935.0610892944909","-2687.4312475548313","-125.41072242650995"
"496","991","991","991","-762.8642434562433","-1526.5762033937744","-338.8648281237127"
"497","993","993","993","-824.398904750137","-1467.326049325209","-316.2393596019573"
"498","995","995","995","-1050.232451521225","-1895.7502341799866","-31.330531681129735"
"499","997","997","997","-771.7669984540947","-1411.7195032243146","-296.76322665275933"
"500","999","999","999","-673.1754296910992","-1392.5862938217924","-132.9325498395053"
"501","1001","1001","1001","-770.637065767132","-1296.138069123893","-340.34471897457996"
"502","1003","1003","1003","-880.0143496944074","-2187.394619971616","-289.5849639821429"
"503","1005","1005","1005","-557.5477811605305","-962.0753044513383","-228.83270642178204"
"504","1007","1007","1007","-831.583884604563","-1589.9020336620763","-156.92681503740616"
"505","1009","1009","1009","-656.1537928819214","-1473.684349301506","-396.27307054003427"
"506","1011","1011","1011","-764.9648006760401","-1735.1759617469627","-218.41877649819105"
"507","1013","1013","1013","-956.3749067147086","-2073.9328658147647","-274.7051509041509"
"508","1015","1015","1015","-921.7888637296608","-2897.2043871193086","-222.53593185895312"
"509","1017","1017","1017","-762.5401412182573","-1486.5927968260985","-185.8965382078892"
"510","1019","1019","1019","-612.3417687893159","-860.740770013837","-334.304636789149"
"511","1021","1021","1021","-875.4085574206041","-1200.2901306902825","-484.3566115623635"
"512","1023","1023","1023","-463.48930204401114","-884.7361802185152","-165.14856484076853"
"513","1025","1025","1025","-1188.1756049293265","-2130.4298896897735","-507.94465604768493"
"514","1027","1027","1027","-1293.7566816390186","-2391.0888167583926","-121.94605153913832"
"515","1029","1029","1029","-968.7412258767472","-2487.212755667768","-97.0900974227171"
"516","1031","1031","1031","-763.2317226180126","-2132.9820078741636","-84.20487204423124"
"517","1033","1033","1033","-1133.0697986905443","-2424.764722482405","-248.0283948542232"
"518","1035","1035","1035","-1117.3622854981656","-1958.170893673906","-240.2978010878169"
"519","1037","1037","1037","-684.1685127377496","-880.3679225260491","-282.90673539275195"
"520","1039","1039","1039","-937.8119112289747","-2214.943592349243","-223.83661544830008"
"521","1041","1041","1041","-527.7800508057097","-1515.0822464823652","-157.98676242921252"
"522","1043","1043","1043","-1119.1727756200985","-2476.216761390904","-300.966865813249"
"523","1045","1045","1045","-668.2269953243219","-1665.7434645162452","-76.15814899520853"
"524","1047","1047","1047","-776.3528227217168","-1671.0934714500845","-273.1588440456"
"525","1049","1049","1049","-714.2857882824412","-1204.657672906153","-160.9245762090243"
"526","1051","1051","1051","-483.901244507512","-844.9961156165227","-199.34323707074282"
"527","1053","1053","1053","-533.3877092144155","-954.7420897251984","-254.53961503110557"
"528","1055","1055","1055","-628.6932594844211","-1132.9417214106584","-376.4796048404793"
"529","1057","1057","1057","-568.3430041481889","-1056.8715439905568","-222.03579688968887"
"530","1059","1059","1059","-939.5511245585282","-1495.672505526599","-123.43854414042003"
"531","1061","1061","1061","-862.2622292225393","-1902.3688933896801","-222.32898229128068"
"532","1063","1063","1063","-920.3420904384591","-1670.1251836758627","-376.3093439690849"
"533","1065","1065","1065","-739.0443581821406","-1712.1158739040116","-83.95403842175635"
"534","1067","1067","1067","-835.8137691007257","-2259.6376072291605","-131.79703669885734"
"535","1069","1069","1069","-676.1871003763164","-1150.1569332732038","-438.27998475391195"
"536","1071","1071","1071","-891.7983559644778","-1430.3499276700006","-150.1789527871647"
"537","1073","1073","1073","-802.310969916896","-1568.1587898864404","-344.56832008260903"
"538","1075","1075","1075","-795.3538566880945","-1785.4545980808198","-278.42681577430085"
"539","1077","1077","1077","-870.8094941826539","-1851.394224568453","-356.3709552497168"
"540","1079","1079","1079","-768.1941761499304","-1339.0999675804321","-135.7514483445032"
"541","1081","1081","1081","-476.2964689622213","-1223.8389269505726","-96.63236367832144"
"542","1083","1083","1083","-598.3949488147224","-1550.1829535429451","-198.9178634131316"
"543","1085","1085","1085","-872.2061500483782","-2017.1071111395026","-245.43639771006121"
"544","1087","1087","1087","-825.0289764237989","-1851.4930736439708","-356.0882552253037"
"545","1089","1089","1089","-863.252023929195","-2645.2219482444843","-205.16414037174746"
"546","1091","1091","1091","-953.4056725735416","-2900.579343047438","-130.3440906470147"
"547","1093","1093","1093","-736.855436425407","-2105.539722251121","-101.44353517248176"
"548","1095","1095","1095","-998.7694417222586","-2919.7510589677026","-337.47856544766364"
"549","1097","1097","1097","-848.7693550860961","-1891.75819504292","-216.64260767939538"
"550","1099","1099","1099","-805.1668448774913","-2128.101283499854","-239.24068635060055"
"551","1101","1101","1101","-812.1617573816303","-2240.385457810669","-278.6305423737751"
"552","1103","1103","1103","-761.8042551454721","-1607.4185837490643","-410.3161726605058"
"553","1105","1105","1105","-799.2749246897577","-2227.11188855391","-305.39190205360234"
"554","1107","1107","1107","-872.5197251794774","-2266.89795105958","-223.77223172288714"
"555","1109","1109","1109","-1270.3017090707385","-3856.314938859636","-320.0643555170198"
"556","1111","1111","1111","-1128.4511112849964","-4137.741639916954","-164.78001592858735"
"557","1113","1113","1113","-1267.8092841416567","-4625.109806845294","-354.63281420837933"
"558","1115","1115","1115","-1412.5141140069686","-5160.190788507617","-297.02771484941184"
"559","1117","1117","1117","-930.2194774012938","-2306.0807743270434","-381.26218758789844"
"560","1119","1119","1119","-734.9106659681137","-1732.3575511019856","-199.79845988307483"
"561","1121","1121","1121","-504.24101984112485","-1395.831187669014","-175.23371056626618"
"562","1123","1123","1123","-896.7297081788804","-2622.6828252348982","-165.45197425991034"
"563","1125","1125","1125","-928.4965963326365","-1901.9071997267679","-175.50465351297018"
"564","1127","1127","1127","-705.370018570897","-1674.0700277971214","-393.0378451908401"
"565","1129","1129","1129","-728.7192339003558","-1084.9719247736496","-344.47401721348626"
"566","1131","1131","1131","-430.6195795003732","-737.9170458228872","-138.06761132196786"
"567","1133","1133","1133","-373.55756263176073","-535.6912280999579","-299.4038614111614"
"568","1135","1135","1135","-530.1445804663153","-1054.7188243890612","-248.38842172858043"
"569","1137","1137","1137","-895.8095591045796","-1552.9910808441762","-150.15344003903377"
"570","1139","1139","1139","-924.6584010555368","-1525.0325192895073","-382.1516720589675"
"571","1141","1141","1141","-552.8129219364421","-941.5072797807617","-230.90352419626333"
"572","1143","1143","1143","-465.28931532584267","-911.7801278909517","-52.6680069983708"
"573","1145","1145","1145","-341.0322759698774","-665.9902834874441","-61.55549764631067"
"574","1147","1147","1147","-360.3662476391045","-463.5358824957861","-226.57948148864887"
"575","1149","1149","1149","-415.5968661024942","-918.1351242843045","-220.42354411250335"
"576","1151","1151","1151","-344.6847171452627","-874.7884443195987","-136.1825144206677"
"577","1153","1153","1153","-582.293113903367","-1388.8975673110708","-152.55798433945324"
"578","1155","1155","1155","-333.8628208739075","-747.8576612525924","-120.99157249502083"
"579","1157","1157","1157","-518.0488655458796","-906.5285401660155","-177.1936962474591"
"580","1159","1159","1159","-413.7130444244058","-650.0803015187442","-89.8921927007618"
"581","1161","1161","1161","-297.0773424123171","-809.912540496459","-49.215124861205176"
"582","1163","1163","1163","-387.131279269841","-652.8638927738288","-214.24264418963514"
"583","1165","1165","1165","-531.0023410568676","-891.5748232811463","-163.00986368101914"
"584","1167","1167","1167","-516.1517999008641","-902.3221532557128","-250.60877688706393"
"585","1169","1169","1169","-583.6193510556247","-915.8738051802336","-64.72977110932433"
"586","1171","1171","1171","-400.08552355978696","-1085.1518837749536","-79.12909592254871"
"587","1173","1173","1173","-500.54693955682734","-993.2790591706989","-202.2227724391944"
"588","1175","1175","1175","-516.1805149809401","-882.5770067745768","-149.5132556183526"
"589","1177","1177","1177","-673.7600172187651","-1430.7470419911594","-232.37438430739314"
"590","1179","1179","1179","-673.7435160323473","-1719.7662467170812","-78.08865651759815"
"591","1181","1181","1181","-563.7283452399332","-1040.40009519405","-59.95663977583862"
"592","1183","1183","1183","-372.42768198087344","-914.5991360122312","-113.66379232455127"
"593","1185","1185","1185","-657.993737580049","-2385.962296615013","-79.908740835379"
"594","1187","1187","1187","-650.1054229465941","-1316.061134245988","-50.64560328020389"
"595","1189","1189","1189","-641.9637635930916","-1798.6538289018517","-98.3922929175818"
"596","1191","1191","1191","-398.5083923531812","-715.2675840144635","-57.234511618151465"
"597","1193","1193","1193","-345.7392118407983","-685.5704452108758","-129.34922548570975"
"598","1195","1195","1195","-607.3141562775304","-1323.0152612869852","-120.82389127660797"
"599","1197","1197","1197","-427.46325667247146","-930.1616808023516","-219.50509823827534"