"episode","Group: Train_Rewards_simple_spread_if_load_pretrained:1 - _step","Group: Train_Rewards_simple_spread_if_load_pretrained:1 - _step__MIN","Group: Train_Rewards_simple_spread_if_load_pretrained:1 - _step__MAX","Group: Train_Rewards_simple_spread_if_load_pretrained:1 - train_rewards","Group: Train_Rewards_simple_spread_if_load_pretrained:1 - train_rewards__MIN","Group: Train_Rewards_simple_spread_if_load_pretrained:1 - train_rewards__MAX"
"1","1","1","1","-815.8366489441984","-1159.7077928606868","-489.9005852789734"
"2","3","3","3","-637.809897774139","-874.0924759990246","-535.5801240834409"
"3","5","5","5","-750.4263169599548","-1134.0467835942136","-490.6625865295903"
"4","7","7","7","-879.0575489675106","-1389.1208106732756","-462.3289219039293"
"5","9","9","9","-2088.1019398036615","-3195.1450308297867","-1283.6200013376852"
"6","11","11","11","-1887.4095146471816","-5329.786942711374","-635.317318077118"
"7","13","13","13","-2060.8912879533054","-4716.350083949542","-761.1637450176808"
"8","15","15","15","-1981.822420505519","-4403.5045196782485","-639.3692058812659"
"9","17","17","17","-2340.429583150407","-5733.701624180156","-469.77080868601337"
"10","19","19","19","-2301.1111688772335","-4261.221242532418","-835.575136074451"
"11","21","21","21","-2232.8758811780676","-3493.630279738629","-953.0817017746001"
"12","23","23","23","-2655.4396967968587","-5621.188031994108","-1064.2357032321502"
"13","25","25","25","-2290.2931536617593","-3795.5858934806065","-753.4136610612723"
"14","27","27","27","-1951.5437710494275","-5285.224627798188","-754.1223163928286"
"15","29","29","29","-2813.791698901087","-6054.945755740738","-729.9013028828161"
"16","31","31","31","-2101.230880035598","-5703.833590001618","-1065.7455027156968"
"17","33","33","33","-2470.98119455522","-4836.086302082669","-825.4038282940145"
"18","35","35","35","-2335.7874096828027","-4413.996337777193","-702.5337648995987"
"19","37","37","37","-2690.51902954329","-5122.453806728441","-415.9230989280971"
"20","39","39","39","-1621.1190623260313","-3803.9363630534885","-506.23727481463294"
"21","41","41","41","-2517.999693658517","-5092.892359736186","-540.9652817174676"
"22","43","43","43","-2409.9870987672393","-5094.95894665306","-843.0003532415552"
"23","45","45","45","-2225.630196368699","-5252.1308008759925","-575.3185525487847"
"24","47","47","47","-2409.1065258205135","-5659.218438302011","-650.3261357774131"
"25","49","49","49","-3648.999977695102","-6533.004978502421","-499.6921597403764"
"26","51","51","51","-3538.4083573312746","-6152.758934821764","-579.8545194673318"
"27","53","53","53","-3014.250068002731","-5187.75761493889","-477.96910674708937"
"28","55","55","55","-4486.830711993444","-6320.904584579102","-613.5388406319346"
"29","57","57","57","-3165.6604420747144","-6471.294871409923","-844.8713214730469"
"30","59","59","59","-3326.006572724292","-6136.923183627734","-740.5081719785277"
"31","61","61","61","-2707.4844328703466","-5197.5196077026","-775.2786753215944"
"32","63","63","63","-4874.474646458975","-6414.683637260832","-2062.4061158212485"
"33","65","65","65","-3693.33543708522","-6557.130929135805","-656.9735720415382"
"34","67","67","67","-3067.0622171090595","-4952.6040426804875","-1009.8221447397367"
"35","69","69","69","-4068.708231071735","-6747.202124328991","-606.6382309260454"
"36","71","71","71","-4977.308029956605","-6930.678073323817","-561.5322891589493"
"37","73","73","73","-4288.007569862849","-6957.876575470316","-605.2050229091022"
"38","75","75","75","-4280.865106169642","-6720.122914935227","-630.973753237038"
"39","77","77","77","-4996.494311481879","-7094.565799701023","-935.00125039718"
"40","79","79","79","-5026.090118276869","-6648.814688802679","-799.8945982740754"
"41","81","81","81","-5247.972144344359","-6331.571068761275","-3489.166488638019"
"42","83","83","83","-3490.1339864093193","-6513.95291382322","-774.4465379241117"
"43","85","85","85","-3752.1723886648892","-6375.150482797645","-1011.8901273009602"
"44","87","87","87","-2277.8161125547385","-6518.190380247152","-623.2597784636032"
"45","89","89","89","-4416.676636298599","-5896.884196445886","-1715.7318035187284"
"46","91","91","91","-4290.464682927327","-6648.358126927432","-1347.3156381654271"
"47","93","93","93","-3764.036849357264","-6590.160107910352","-953.4309019207235"
"48","95","95","95","-3474.350060648757","-6515.17637206382","-1474.6127768484464"
"49","97","97","97","-3129.389403601788","-5652.044473449933","-989.8569452637829"
"50","99","99","99","-2670.361306753121","-5638.576470351304","-530.2936734613764"
"51","101","101","101","-2909.199394465409","-5964.554337345678","-561.7612237864344"
"52","103","103","103","-2725.504031420908","-5837.16020616606","-514.624194844463"
"53","105","105","105","-3147.076236216072","-6340.18025028701","-521.5858505886141"
"54","107","107","107","-3092.2526280401967","-6170.347567493407","-541.488641003244"
"55","109","109","109","-3498.654471889529","-6422.944405861375","-408.0151001182491"
"56","111","111","111","-3521.866758799371","-6392.230050987676","-704.1795700905376"
"57","113","113","113","-2747.146660358322","-6004.658281668216","-538.3151526785563"
"58","115","115","115","-2962.953574867478","-6146.173005976997","-489.89125473129405"
"59","117","117","117","-4141.182717587606","-6818.897507741178","-701.9529037815603"
"60","119","119","119","-4327.783923089543","-6513.267654337904","-531.842642324406"
"61","121","121","121","-4747.727564194424","-6500.461716034376","-518.5143919714977"
"62","123","123","123","-4697.835241212991","-6709.77211095875","-508.5559471462567"
"63","125","125","125","-3903.3580303552676","-7186.954731686465","-580.0190803677682"
"64","127","127","127","-3850.7388312731428","-6979.957070739178","-431.6966912664457"
"65","129","129","129","-4250.135606283189","-7308.820538259459","-437.29258482115023"
"66","131","131","131","-4424.879813503726","-7193.990554363707","-707.9189996676678"
"67","133","133","133","-4860.395240484671","-6973.886806612872","-465.5198367280924"
"68","135","135","135","-3199.948063522583","-6609.983803363659","-764.7441775063706"
"69","137","137","137","-3073.4380176112995","-6504.473273537444","-501.11357944924555"
"70","139","139","139","-3131.2821007271027","-6617.837513435175","-555.2612157259533"
"71","141","141","141","-3264.6614397100893","-7067.32526398671","-1051.4264487037724"
"72","143","143","143","-2835.5666466629464","-6164.910073741451","-572.791769733429"
"73","145","145","145","-3608.04580902526","-6592.095808475596","-1125.289029978418"
"74","147","147","147","-2781.69738092039","-6902.964547888948","-711.1481374080341"
"75","149","149","149","-3362.70650186904","-7227.582672506339","-671.518803300703"
"76","151","151","151","-3331.621628899974","-6678.509995981147","-718.544914208208"
"77","153","153","153","-3922.5601607457465","-7444.1161731426355","-842.163865299316"
"78","155","155","155","-3555.1891765514106","-7192.296215860586","-862.0886819036803"
"79","157","157","157","-2762.252665711958","-7020.398942212767","-362.8722996636509"
"80","159","159","159","-2739.946547120033","-6785.898771832789","-444.6127364345067"
"81","161","161","161","-2920.953695531378","-7221.223306665228","-422.0323528890772"
"82","163","163","163","-3053.8868432754093","-6418.758126207027","-859.7267447994983"
"83","165","165","165","-3379.3334385092044","-6949.613662451846","-761.896068802496"
"84","167","167","167","-2710.943532238055","-6876.63058903829","-710.4693859902287"
"85","169","169","169","-2404.311392927234","-6303.823059205699","-436.3206522215036"
"86","171","171","171","-2682.9916466672175","-5831.523516947592","-747.8541872303538"
"87","173","173","173","-3214.8284377468444","-6947.321916539511","-690.8153263242667"
"88","175","175","175","-2869.2886131455225","-6496.832531439704","-783.296390236752"
"89","177","177","177","-3963.356797988319","-7597.194167997519","-948.2620332882163"
"90","179","179","179","-3108.905276484762","-6888.296355641258","-685.639970534375"
"91","181","181","181","-3235.3945948691426","-6471.140304665501","-627.6546219577845"
"92","183","183","183","-3006.81159453511","-6688.224073623287","-541.255790237615"
"93","185","185","185","-3046.52272918074","-6649.756443435604","-612.9049855350338"
"94","187","187","187","-3134.7898072330013","-7039.242794505532","-546.6240833022536"
"95","189","189","189","-3658.219046754154","-6858.4437202738445","-645.2440611400698"
"96","191","191","191","-3308.948427070758","-7180.19504914961","-621.2218083168336"
"97","193","193","193","-3035.0078822397572","-6742.711460120523","-752.1226246745701"
"98","195","195","195","-3141.5782566157695","-6818.4701714865005","-688.0815365053742"
"99","197","197","197","-3671.97795002011","-6409.968046577664","-457.12228198603106"
"100","199","199","199","-4348.819881818655","-6903.361120416475","-1061.5664414415885"
"101","201","201","201","-4817.234950619656","-7156.002120915447","-612.8391254632515"
"102","203","203","203","-5553.174135957498","-9264.434143685867","-577.4109130742443"
"103","205","205","205","-5306.805873520085","-8614.39200415134","-887.5149930844901"
"104","207","207","207","-5311.057422973824","-9081.68955571484","-518.2204609126378"
"105","209","209","209","-5385.9984894378995","-8646.592789396771","-528.9211774194856"
"106","211","211","211","-5307.918888896509","-9087.047267251448","-786.3350811452392"
"107","213","213","213","-5091.180964580022","-8720.815264600464","-884.8355648841377"
"108","215","215","215","-4925.993086572285","-8493.630465253933","-327.1863019383713"
"109","217","217","217","-4232.49732531056","-7203.6649230627045","-629.556158451658"
"110","219","219","219","-4194.178598480603","-7509.235390009671","-1159.6428238240828"
"111","221","221","221","-3653.710809409657","-9311.278036172807","-582.6917747291118"
"112","223","223","223","-3621.2674713599054","-9579.438508664194","-508.61016842576095"
"113","225","225","225","-5478.438543837311","-8450.036376829748","-1808.3631521626817"
"114","227","227","227","-5523.617807707314","-8997.909084038381","-2748.8554237068674"
"115","229","229","229","-5042.247935186431","-7157.738779510779","-1647.6400431809957"
"116","231","231","231","-3844.521637870762","-9530.93794564332","-822.8515978660902"
"117","233","233","233","-3967.5533687835064","-7295.527722598166","-1311.5694594823333"
"118","235","235","235","-5390.810355028662","-9192.22056720067","-2944.760347272794"
"119","237","237","237","-4777.411040351736","-7289.274343224717","-2715.489382337509"
"120","239","239","239","-3949.492032059717","-6964.121608178521","-1485.9840819305687"
"121","241","241","241","-3627.477382402275","-6927.71952995393","-1126.6732635038045"
"122","243","243","243","-2752.3273521789206","-7030.7767740931895","-1359.4581656788043"
"123","245","245","245","-2682.489186681966","-6512.761478261403","-703.4431384426127"
"124","247","247","247","-3420.806058734711","-7041.020976673667","-1659.3181726663768"
"125","249","249","249","-3787.6176272128105","-6335.530711621782","-2045.4672831364585"
"126","251","251","251","-4287.67222518246","-6875.123935446243","-1188.7148955131825"
"127","253","253","253","-4489.809626908901","-6978.162231017105","-2648.5770492517527"
"128","255","255","255","-3934.656669584279","-6675.968021496027","-1534.342088449176"
"129","257","257","257","-4139.925967072643","-7083.063696426806","-2062.606162972202"
"130","259","259","259","-4886.46987643192","-6625.59617622551","-2485.15747709726"
"131","261","261","261","-5720.321133283283","-7529.660765618755","-3564.0910123395993"
"132","263","263","263","-4916.1222988890995","-7106.456782618851","-2716.759578934677"
"133","265","265","265","-4290.261516593746","-6489.352335614341","-974.2310006563582"
"134","267","267","267","-4794.77701429479","-6988.445547784998","-2425.7855400180515"
"135","269","269","269","-4823.9740779604235","-7281.926836272529","-1420.3822414112326"
"136","271","271","271","-4720.263232236555","-7181.703313237382","-1028.2018637642775"
"137","273","273","273","-4621.0752766166825","-6969.443936850944","-1098.1447934002472"
"138","275","275","275","-4190.210940899263","-7195.71440446609","-510.3717992605862"
"139","277","277","277","-5528.439399768893","-6946.331446402145","-1884.5422824005784"
"140","279","279","279","-5738.033476620965","-7972.906067408871","-1107.7878603682773"
"141","281","281","281","-4463.926562152374","-6695.018889619361","-792.4813622307091"
"142","283","283","283","-5788.260370470291","-6905.078276464392","-3487.052725092041"
"143","285","285","285","-6239.295544002544","-7203.058997485656","-4349.519287967454"
"144","287","287","287","-6049.211260524899","-6701.573131203873","-4620.027555846746"
"145","289","289","289","-4895.1172140626995","-7136.1692883239275","-817.759752269627"
"146","291","291","291","-5556.8340137919895","-6575.907993647225","-2977.6240892829483"
"147","293","293","293","-5422.119676248733","-7040.48723985809","-3576.333901145943"
"148","295","295","295","-5595.728654016927","-6986.117918637411","-3302.3712405735914"
"149","297","297","297","-5182.543751329231","-6909.533215095547","-2747.0319971214885"
"150","299","299","299","-5490.676521300188","-7108.857382583926","-3188.4923603857164"
"151","301","301","301","-5653.80836249628","-7128.679387252595","-3356.0600815297107"
"152","303","303","303","-5390.736633008144","-6970.2178754965435","-3128.9580133898503"
"153","305","305","305","-5189.722682183921","-6542.589800680915","-3145.4296793026347"
"154","307","307","307","-5418.3557452642235","-6754.692771657615","-3128.9253442862255"
"155","309","309","309","-5573.912108163449","-7164.652645880915","-3139.0552680782066"
"156","311","311","311","-4814.931589738352","-6552.02448160144","-2819.2644307598575"
"157","313","313","313","-5632.108527327206","-7514.069185071406","-2954.3318744897583"
"158","315","315","315","-5194.396216653288","-7012.671054807904","-3104.3978361422887"
"159","317","317","317","-5671.067961411784","-6903.429887016291","-2809.2548717390932"
"160","319","319","319","-5771.954299206828","-6798.802157711298","-2342.1422964812227"
"161","321","321","321","-5113.607765229138","-7016.299074465715","-2434.576543007854"
"162","323","323","323","-6005.4926576443995","-7074.213676467553","-2492.4267252022046"
"163","325","325","325","-5227.940006094439","-6868.3873709455365","-2354.1355425199777"
"164","327","327","327","-5657.904641721128","-7119.86024012411","-2397.567638079295"
"165","329","329","329","-5770.357047422977","-6716.925983038094","-2582.4604742527567"
"166","331","331","331","-5755.792392209349","-7497.443819845975","-3207.9706557946943"
"167","333","333","333","-5839.103999424702","-6835.3140312875175","-2876.748414508033"
"168","335","335","335","-5443.5253152681935","-6602.289718351505","-1973.8492615996206"
"169","337","337","337","-5205.006682202797","-6998.039039423926","-2415.5431197986677"
"170","339","339","339","-5193.912357956433","-6835.568288260538","-2267.126266735561"
"171","341","341","341","-4284.3756382947995","-5989.267877541464","-2268.0392681002654"
"172","343","343","343","-4292.474235800308","-6845.370706948017","-1912.245996886289"
"173","345","345","345","-3817.6389959477733","-6531.216260845011","-799.5928253082582"
"174","347","347","347","-4008.5352140527807","-7164.968438168163","-917.176611168042"
"175","349","349","349","-3876.4503825517468","-6524.142121456256","-1216.3769344028553"
"176","351","351","351","-3982.026354756942","-6390.440972547468","-1265.9136199766058"
"177","353","353","353","-3818.6107034314578","-6354.704989974716","-436.94309498378743"
"178","355","355","355","-4223.790387381386","-7291.053839324581","-534.0581877332511"
"179","357","357","357","-3963.268878142529","-6767.0000691766845","-1334.0138807643527"
"180","359","359","359","-3590.5106401053868","-6033.829034669296","-1745.3800418356927"
"181","361","361","361","-3353.943624654125","-4893.994355360196","-739.256552820405"
"182","363","363","363","-5592.747513020298","-7734.612123922394","-1950.52772625184"
"183","365","365","365","-5189.965165591705","-7674.8845786383945","-2168.112179072476"
"184","367","367","367","-5935.074768332231","-9453.42529651146","-2463.0507706412586"
"185","369","369","369","-5743.920116709754","-8242.886780169467","-2368.686691037829"
"186","371","371","371","-5987.795740408316","-8917.195368925868","-2278.499418565522"
"187","373","373","373","-6152.789259377972","-8660.840994074208","-2313.947796451326"
"188","375","375","375","-6286.77634296477","-8885.72703538627","-3134.5585006697693"
"189","377","377","377","-6302.40740329747","-9819.297706178091","-2607.232276150035"
"190","379","379","379","-5692.811781667844","-8912.879841231492","-2550.2116084913027"
"191","381","381","381","-5630.761307627579","-9221.05931051071","-1638.6968489302299"
"192","383","383","383","-5663.20603346985","-8790.577992484348","-2815.103568428165"
"193","385","385","385","-5437.191938137819","-7510.880530748578","-2325.712230055485"
"194","387","387","387","-5636.79116666137","-7481.566318641535","-2983.134886827687"
"195","389","389","389","-5574.130968820189","-8435.048092705165","-2531.403450480735"
"196","391","391","391","-6356.705279454366","-10399.741821873791","-2816.549892592003"
"197","393","393","393","-6583.1778866390205","-10029.906895447297","-3096.9754470902103"
"198","395","395","395","-5785.318421579084","-9659.850519164263","-2685.460922814964"
"199","397","397","397","-6240.057108642322","-9722.926891226087","-3458.2562797331884"
"200","399","399","399","-6678.842002837511","-9621.385168934252","-3367.890021360403"
"201","401","401","401","-6935.259504329949","-9257.177135094344","-2979.897225589419"
"202","403","403","403","-6437.553098201626","-8632.66667850094","-2906.625796545978"
"203","405","405","405","-6695.704858015995","-8595.875302970046","-2570.254709153579"
"204","407","407","407","-6641.0648590232395","-8536.398585657998","-2857.034152160125"
"205","409","409","409","-6735.577636842543","-8357.183502044696","-3127.801248931788"
"206","411","411","411","-6590.701309064534","-9158.64068129994","-2568.056562791598"
"207","413","413","413","-5878.068452998123","-8361.568457764826","-3485.994350079179"
"208","415","415","415","-6022.634475793346","-9458.795413323285","-2464.979423616954"
"209","417","417","417","-5783.360231042765","-9019.4387419781","-663.4313755794165"
"210","419","419","419","-5488.91650691428","-8805.865800763717","-602.4521365882587"
"211","421","421","421","-4809.35739427715","-8995.381129355146","-893.8867477046479"
"212","423","423","423","-4773.3672895183645","-8420.295644971578","-1629.3912208733525"
"213","425","425","425","-5043.198625339733","-9175.560349486623","-1329.9783822555933"
"214","427","427","427","-4885.063870165859","-8031.215820997962","-735.3821514197465"
"215","429","429","429","-5052.3049176964405","-8032.8669308984745","-1063.9450680242987"
"216","431","431","431","-4933.185826453964","-8005.457580287065","-795.7101521981999"
"217","433","433","433","-4853.811969094355","-9003.517035415287","-606.2041865990452"
"218","435","435","435","-4819.824492265791","-8029.585200705455","-863.8205060203743"
"219","437","437","437","-4970.763636829371","-7955.267327859894","-424.88574001764374"
"220","439","439","439","-4825.906804384906","-8435.608204446205","-726.1031971754155"
"221","441","441","441","-5078.857948927418","-8242.693427335536","-1501.7236975757523"
"222","443","443","443","-4939.44467719536","-7952.726401340863","-488.35315467613293"
"223","445","445","445","-4608.1099043096665","-7657.881637621279","-639.5333556679828"
"224","447","447","447","-4403.580046232728","-7409.103716300356","-481.0457227241109"
"225","449","449","449","-4592.587301093829","-8342.454289084553","-449.2419425741795"
"226","451","451","451","-5646.524316735146","-7571.6643667317485","-2035.6808878409113"
"227","453","453","453","-5718.689801052627","-8195.073560051427","-1010.530004287516"
"228","455","455","455","-7261.902253908452","-8536.643216481903","-6254.11232261873"
"229","457","457","457","-6295.948204598304","-9018.536951385873","-691.0328883110778"
"230","459","459","459","-5959.139659929295","-9497.73300376777","-570.7947607190961"
"231","461","461","461","-7179.20704499537","-8704.506532667145","-5749.526489513423"
"232","463","463","463","-5894.836750388591","-9051.77110395561","-743.5698347518706"
"233","465","465","465","-6793.92008004184","-9323.598325391067","-4943.308564786198"
"234","467","467","467","-6167.806568557963","-8206.066189529714","-1780.5871135784366"
"235","469","469","469","-6815.317432287937","-9531.936382221495","-2807.0943754198097"
"236","471","471","471","-5093.753861828665","-9232.280364555934","-637.3578869270933"
"237","473","473","473","-5949.584307190346","-9263.800825800263","-2003.628445768583"
"238","475","475","475","-5823.464214201596","-8251.714502037312","-3311.8542427241487"
"239","477","477","477","-7103.166496374046","-8734.01434882166","-5769.93868006912"
"240","479","479","479","-6021.091195605223","-8922.563449570765","-3573.22511039715"
"241","481","481","481","-6518.3458882374225","-9434.177111237488","-3703.4530007915987"
"242","483","483","483","-6854.806671986839","-9470.807937668698","-4490.410867824281"
"243","485","485","485","-6346.304527685156","-9504.149438933191","-2183.8367814547764"
"244","487","487","487","-4839.781266802985","-9473.041410786496","-750.952119948545"
"245","489","489","489","-7020.715879717277","-9515.147951046214","-1913.946530152328"
"246","491","491","491","-6968.389561133734","-10071.878813055908","-2711.200642269742"
"247","493","493","493","-5122.15719175595","-9447.02257057637","-702.2540602944213"
"248","495","495","495","-5189.572747686277","-9011.028599053032","-563.2522454188131"
"249","497","497","497","-5435.684831573781","-9744.321115531147","-643.7713756677776"
"250","499","499","499","-6190.473194160184","-9300.344901602914","-1474.4468155254137"
"251","501","501","501","-6679.904105249998","-8848.723654533142","-1506.1800349982739"
"252","503","503","503","-6279.9938443818955","-9898.929720617403","-696.9254048634107"
"253","505","505","505","-5110.564838534554","-9597.293231454405","-1334.823105363566"
"254","507","507","507","-4221.211184380398","-9432.531206048025","-719.0731279338926"
"255","509","509","509","-5322.7382882969105","-8976.248358729172","-385.743646453368"
"256","511","511","511","-5373.344825387272","-9407.537537014197","-942.0932743374973"
"257","513","513","513","-5122.541888666865","-8524.75376412725","-1207.7596991362516"
"258","515","515","515","-4006.047915215027","-8916.054944327068","-624.5093495302467"
"259","517","517","517","-5155.7375757028185","-8184.669839181574","-1271.5342529814193"
"260","519","519","519","-3894.7172047880913","-8408.714349430238","-609.0255164563639"
"261","521","521","521","-4997.540734545144","-8798.682451174947","-848.4633869640531"
"262","523","523","523","-3481.5063080272275","-8640.789494295634","-661.0492827366832"
"263","525","525","525","-4127.651175588804","-9372.880354351439","-835.3096769332172"
"264","527","527","527","-4466.8612375446455","-9507.575459233172","-874.5291238788944"
"265","529","529","529","-5158.76223819854","-9094.803014014857","-410.7305583387961"
"266","531","531","531","-4438.956260558629","-9643.287008908965","-429.2600393665615"
"267","533","533","533","-4266.043525514113","-8886.014851789787","-555.0875166128375"
"268","535","535","535","-4839.320856206437","-8095.169063443754","-694.4430208718045"
"269","537","537","537","-3544.238215169612","-7498.089358676401","-633.3668368858861"
"270","539","539","539","-4908.788337578696","-9071.03864706538","-594.8534870682585"
"271","541","541","541","-4334.951026883077","-7509.479060274404","-767.1353062043647"
"272","543","543","543","-4604.093545151413","-7959.021160619492","-509.2699960632905"
"273","545","545","545","-3293.6760648819195","-6858.48499863148","-743.8631670567531"
"274","547","547","547","-2548.9090320491373","-6603.551297763532","-709.7000935502241"
"275","549","549","549","-2924.148806335124","-7095.556339239221","-506.6229665345292"
"276","551","551","551","-4097.930201145669","-6839.25665862373","-1043.815482677485"
"277","553","553","553","-2987.625543573712","-6058.141621588082","-591.1718765936013"
"278","555","555","555","-2751.6692846128008","-6253.736908058832","-561.3884001934344"
"279","557","557","557","-3499.1454146605392","-6321.462831514613","-634.905712430947"
"280","559","559","559","-3203.236948736358","-6994.741950683509","-676.5617320327725"
"281","561","561","561","-3575.5056428426988","-7586.4000101914635","-723.8718133327013"
"282","563","563","563","-4587.223674003666","-8629.140984929214","-441.8658829254117"
"283","565","565","565","-5013.3853574260775","-8196.466583340738","-1393.479901938203"
"284","567","567","567","-3463.5153818609933","-8675.986866885416","-613.2533044528394"
"285","569","569","569","-4237.462193912672","-7860.973313409631","-581.786874951717"
"286","571","571","571","-4812.128825596849","-8747.409452515745","-510.1160942420914"
"287","573","573","573","-5010.152327653086","-8291.673145658795","-770.5868618709246"
"288","575","575","575","-4575.936296283849","-8279.229379832677","-664.6262752274368"
"289","577","577","577","-3898.052991478703","-8569.482349427928","-503.39921678951265"
"290","579","579","579","-5660.778530744769","-7909.061618672767","-748.1417355299768"
"291","581","581","581","-4399.535971778217","-7695.645050669766","-947.7747699179436"
"292","583","583","583","-4275.519681056462","-7356.940164268393","-843.0314597597088"
"293","585","585","585","-3981.173212431883","-8322.436147116443","-645.4402276471768"
"294","587","587","587","-4597.509917342333","-7626.028741873798","-780.7135450049046"
"295","589","589","589","-4753.519213048169","-7959.024002841804","-776.2592833768916"
"296","591","591","591","-4671.9041429688095","-8185.042342863042","-821.7998063412375"
"297","593","593","593","-5242.366254783751","-7584.25377219051","-937.0963669570237"
"298","595","595","595","-4426.567487640028","-8330.168129016081","-1065.4410235164462"
"299","597","597","597","-5728.000107796718","-8419.18481653445","-623.0333421940865"
"300","599","599","599","-5652.676947857167","-8445.710947215272","-799.2521841576142"
"301","601","601","601","-4485.630803373182","-7769.719025584175","-782.740510230062"
"302","603","603","603","-5410.801403830605","-7496.2702370526695","-556.5643622647938"
"303","605","605","605","-5289.956682622146","-7675.4353420800735","-670.7506348728081"
"304","607","607","607","-5848.651280729384","-7740.112938439381","-1108.7353406056222"
"305","609","609","609","-5664.954755048819","-7224.692780780734","-901.2584746267345"
"306","611","611","611","-5199.469628723678","-7121.347880960257","-660.1956372204152"
"307","613","613","613","-4720.837158193024","-7257.832823728271","-821.9541949134621"
"308","615","615","615","-4361.197086509633","-6823.586891795935","-773.8542891897549"
"309","617","617","617","-2827.647666686662","-6885.958714591314","-841.4903623736182"
"310","619","619","619","-3751.1435187543816","-6852.399774400372","-535.9915598843575"
"311","621","621","621","-3938.6463181121558","-7358.121385623153","-534.5521630340174"
"312","623","623","623","-4736.1774334644915","-7174.715138013508","-2256.5809469408655"
"313","625","625","625","-4161.612658891557","-6509.571795793708","-855.3344253376999"
"314","627","627","627","-5084.620300240663","-6494.663079982072","-3347.044098088225"
"315","629","629","629","-4290.78943476192","-7082.11429451718","-1317.2289709177196"
"316","631","631","631","-3787.7443559515937","-6698.501803893879","-415.6531158579071"
"317","633","633","633","-4727.285680417269","-7303.543380469948","-2327.6212207326917"
"318","635","635","635","-4041.332020270079","-7795.954097238223","-551.9899035047478"
"319","637","637","637","-4894.0118935853225","-6811.158160538467","-3083.9541519764616"
"320","639","639","639","-5061.735523507772","-7333.335240722436","-2704.5215283813045"
"321","641","641","641","-4221.507673766917","-7033.053204174759","-1333.7488961449808"
"322","643","643","643","-4025.239401130937","-6988.651446308609","-801.584682608824"
"323","645","645","645","-4156.564279169488","-6973.034695379389","-1390.7782115543282"
"324","647","647","647","-3873.38553055435","-7301.626362949238","-832.0789289249327"
"325","649","649","649","-3601.066280521771","-5842.909084076652","-908.5395046993194"
"326","651","651","651","-3599.391120318145","-7446.628913355796","-585.2110888480787"
"327","653","653","653","-3924.2435911957036","-6822.759027968631","-616.1342512947958"
"328","655","655","655","-4076.990192151533","-6877.772139904415","-1063.6721592077113"
"329","657","657","657","-4192.342757927162","-6830.945631225003","-1666.6939189696259"
"330","659","659","659","-4208.935502040086","-6000.769398864626","-2116.319808495801"
"331","661","661","661","-4018.3828380374935","-5446.5242517098995","-1899.6628066918968"
"332","663","663","663","-4426.971853817968","-5916.12701336954","-1731.4161399213122"
"333","665","665","665","-4615.539894961528","-6688.1368399431585","-1408.4315902731482"
"334","667","667","667","-3796.3495457811855","-6204.76130188589","-1480.853129025663"
"335","669","669","669","-3549.0884874293865","-6522.525821067698","-1285.0782313071566"
"336","671","671","671","-3335.2728843308896","-5909.845701817117","-1171.8008577978517"
"337","673","673","673","-2996.367575209172","-5580.044841333862","-1209.3991158134986"
"338","675","675","675","-2950.354700787625","-6658.305063361373","-1074.9496531340412"
"339","677","677","677","-3041.1251313605253","-8740.386739480673","-662.4260803683062"
"340","679","679","679","-3062.718457623872","-8217.005632601655","-831.2893124528803"
"341","681","681","681","-2874.5858177352916","-8024.304082833849","-1258.0776947477825"
"342","683","683","683","-2791.8771132589","-8289.533462707008","-587.7864938078584"
"343","685","685","685","-3354.668746675794","-8267.297262665308","-1569.2948442760007"
"344","687","687","687","-3299.815474772061","-8541.278736935123","-1287.234579515581"
"345","689","689","689","-2429.9298236079057","-6074.497997694867","-976.6726229927655"
"346","691","691","691","-3388.9148128555958","-7200.745831738606","-1091.4614232337701"
"347","693","693","693","-2689.102300350229","-7333.514571253875","-722.9996384922927"
"348","695","695","695","-2894.680889025242","-7773.174436000794","-925.5953104713253"
"349","697","697","697","-3309.73430778604","-7989.642896331718","-1095.3402325437316"
"350","699","699","699","-2903.561880020522","-7285.148983636979","-983.4680725488995"
"351","701","701","701","-2852.0254572220333","-7637.361673612943","-610.3005947666775"
"352","703","703","703","-2820.1309566500136","-7248.520143397285","-588.0052581346931"
"353","705","705","705","-3038.183525085441","-7427.863591452928","-898.4055096983373"
"354","707","707","707","-2761.91031584145","-6686.774724070146","-747.7650170470399"
"355","709","709","709","-3105.590920241769","-7394.029394659794","-898.2368638631135"
"356","711","711","711","-3180.454857617219","-7049.269946780723","-1096.2451157029495"
"357","713","713","713","-3332.9963565669","-7443.644555967123","-966.1107705656655"
"358","715","715","715","-3130.273488142776","-6475.271393677795","-1009.4723024102141"
"359","717","717","717","-2793.7738681342075","-6411.850449028027","-1280.9756474985422"
"360","719","719","719","-3192.833474297418","-7062.5972891245565","-1005.1494789430319"
"361","721","721","721","-4015.075803296158","-7723.210102828977","-1777.0508951964591"
"362","723","723","723","-3377.539308838996","-7319.367703253116","-1621.020916703468"
"363","725","725","725","-3368.3546883866234","-7046.254973999122","-1747.8888517138028"
"364","727","727","727","-3300.434586494469","-7270.332358833073","-1584.0665083895053"
"365","729","729","729","-2549.4607533182457","-4917.978813577365","-1336.4193637251"
"366","731","731","731","-4112.832527104378","-7075.080781873504","-1003.0345395832725"
"367","733","733","733","-3371.4625120354613","-7166.587916028511","-787.6498965630375"
"368","735","735","735","-3158.0737242074247","-6209.5954293668165","-920.1905440551901"
"369","737","737","737","-3347.9815599475223","-7776.8732392834745","-916.6755785671293"
"370","739","739","739","-3926.2785471385214","-6951.558124144482","-657.5907493876515"
"371","741","741","741","-3694.0697676260525","-7097.88195785718","-901.6105906137117"
"372","743","743","743","-3938.4639463448593","-7407.167270352296","-695.9687611018909"
"373","745","745","745","-3859.5171922710933","-7254.9525684973605","-780.8876380450406"
"374","747","747","747","-3805.3716526252647","-7766.067523232529","-615.4750259037784"
"375","749","749","749","-4115.113932084254","-8661.234602172712","-738.016618506624"
"376","751","751","751","-4088.6720173780704","-8625.851057154749","-810.536239321728"
"377","753","753","753","-4247.631070294288","-9104.047730335195","-930.0954827616106"
"378","755","755","755","-4355.403294598275","-9354.246197779617","-1372.2008395052546"
"379","757","757","757","-4146.790957024156","-9443.938854082106","-620.7912222847956"
"380","759","759","759","-4004.7263909298536","-8366.762823852823","-1446.0453294937224"
"381","761","761","761","-4314.252967045747","-9092.534366056747","-1275.5582471014397"
"382","763","763","763","-4447.762755756672","-9147.8335247088","-1492.4049678597364"
"383","765","765","765","-4725.136416442603","-9074.26203385069","-2486.1813662214895"
"384","767","767","767","-5062.915862283855","-7920.942221347991","-2315.5718021838134"
"385","769","769","769","-5512.261449791683","-9002.270184536841","-2244.066575933353"
"386","771","771","771","-5808.507940778305","-8366.628696961432","-3284.8818601264184"
"387","773","773","773","-6141.25620571196","-9139.06339953389","-3334.5239449722353"
"388","775","775","775","-5937.499728936533","-9209.012656683717","-3126.4077128171934"
"389","777","777","777","-6223.535042423481","-9400.700755411151","-3433.2881864423375"
"390","779","779","779","-5996.867135746676","-9073.204282944638","-3462.8789143407794"
"391","781","781","781","-5781.39350061545","-8640.816639691611","-3248.948515395145"
"392","783","783","783","-5349.970718482121","-8190.625621010098","-2946.3010249032013"
"393","785","785","785","-5158.379523696503","-8209.53026327702","-3148.1235649562977"
"394","787","787","787","-3476.0378866462","-5526.559497742071","-726.4875369200453"
"395","789","789","789","-4480.345383537828","-9475.853010129567","-855.3024099812405"
"396","791","791","791","-3803.4563047845086","-6251.189664862622","-511.5556594546042"
"397","793","793","793","-4864.986367343256","-10124.898664906992","-544.8709109604998"
"398","795","795","795","-4347.5811489568205","-6701.963843240994","-465.3361625108626"
"399","797","797","797","-4922.4243685596675","-7642.599589274627","-3238.444487267832"
"400","799","799","799","-3910.1407998886325","-6637.707500778456","-473.9903532284211"
"401","801","801","801","-4600.359412456195","-7564.822636950145","-1252.8580105890924"
"402","803","803","803","-4740.296587546821","-7181.596066848679","-1699.577552024376"
"403","805","805","805","-4422.071697398802","-7528.184421445892","-1836.4437470072821"
"404","807","807","807","-5778.195646183887","-7146.161375245207","-2946.2357536363916"
"405","809","809","809","-4798.863933657335","-7295.106446709791","-1175.5524139227696"
"406","811","811","811","-5103.53179405906","-7492.020735770285","-2314.614598675645"
"407","813","813","813","-5123.895131693023","-6711.115130695662","-2064.687432375162"
"408","815","815","815","-5490.541712165293","-7094.046339030082","-1602.9695505582927"
"409","817","817","817","-5184.251047472446","-6994.1580881009195","-1752.694706028693"
"410","819","819","819","-4304.598923463147","-7643.747871002028","-495.93408099153106"
"411","821","821","821","-5509.760640270573","-7555.17799156359","-1842.2364906205362"
"412","823","823","823","-3872.0660717926667","-7157.592490008676","-842.5987967191774"
"413","825","825","825","-4862.919724843648","-7278.938425184884","-1688.1497910725695"
"414","827","827","827","-4403.754403855829","-7126.687950218866","-459.4886386442167"
"415","829","829","829","-4249.720234604391","-7049.66469397564","-469.46767414370396"
"416","831","831","831","-4054.8093793122343","-7561.127132964462","-876.3554575441024"
"417","833","833","833","-2742.6538285560873","-5996.511872750878","-565.8566925929218"
"418","835","835","835","-4066.8501768231245","-7458.290543202453","-1204.732550684995"
"419","837","837","837","-4854.876536737283","-6310.39249765067","-1930.6608568340318"
"420","839","839","839","-4192.154734873569","-8028.654748695468","-890.9721131946303"
"421","841","841","841","-3665.1145932181544","-6858.854783636853","-936.888902725448"
"422","843","843","843","-4200.567728389928","-7538.142513526291","-455.8459792602376"
"423","845","845","845","-5432.20352600011","-7137.304810160404","-3942.576271655021"
"424","847","847","847","-3927.7121243655592","-7373.058891084431","-990.2454695583681"
"425","849","849","849","-3663.2746425756836","-6787.043864818572","-638.5822675020447"
"426","851","851","851","-4608.743317832292","-7220.744424069805","-1422.2565458402103"
"427","853","853","853","-4386.493726871261","-6900.827767531288","-1097.9935425999613"
"428","855","855","855","-3914.57874566413","-7160.103903283359","-841.208131346962"
"429","857","857","857","-4591.7488425721385","-7054.443094077155","-902.7980798183635"
"430","859","859","859","-4018.3129023072297","-7354.277991752697","-906.20616881995"
"431","861","861","861","-4715.8624647006945","-7210.693633786943","-2112.7956162581927"
"432","863","863","863","-4978.100582767705","-7069.8081741","-2233.7636917016325"
"433","865","865","865","-4586.491144398878","-7253.110264407551","-2035.3781627554893"
"434","867","867","867","-4354.277661214319","-6533.431743271275","-3125.980124073107"
"435","869","869","869","-4701.121375945741","-6974.782142726522","-3546.161267281465"
"436","871","871","871","-4252.8789111207925","-7244.34201749475","-1741.9836553426876"
"437","873","873","873","-4339.232483104786","-6608.3838666071815","-2171.9256819670313"
"438","875","875","875","-4105.229139104207","-7199.425259127057","-1233.9903574916923"
"439","877","877","877","-4684.601950777067","-6259.91542500802","-1678.3341384120479"
"440","879","879","879","-4733.0434198365565","-7262.418177465748","-1643.1835493050698"
"441","881","881","881","-4741.47610840626","-7257.991289242582","-1374.1655897940911"
"442","883","883","883","-4959.163722293549","-7062.21215711754","-2078.664188896436"
"443","885","885","885","-4282.5503302763855","-6666.383608880402","-553.9784112575769"
"444","887","887","887","-4812.000728472039","-6451.871784767214","-1793.1828536880384"
"445","889","889","889","-4694.808084868464","-7050.604035415597","-1602.126434252535"
"446","891","891","891","-4278.089182020066","-5653.093851223925","-1224.039316567584"
"447","893","893","893","-4432.113792253607","-7047.152656728287","-1200.5975933862883"
"448","895","895","895","-4501.373530964176","-6692.922595629108","-1373.2266603763185"
"449","897","897","897","-4773.474307239385","-6914.3054462978225","-1708.6706600915063"
"450","899","899","899","-5027.415115275931","-7422.175074394061","-1942.0400849602975"
"451","901","901","901","-3764.4905446616735","-7040.647144301874","-1552.772067884519"
"452","903","903","903","-4137.572349694779","-6441.595698740407","-1863.0952679869379"
"453","905","905","905","-3305.1676387279535","-7073.164000200517","-641.2178029969693"
"454","907","907","907","-4506.584152341013","-7103.947318291763","-976.3336395558272"
"455","909","909","909","-3179.15344273595","-6310.168635691974","-949.078265902713"
"456","911","911","911","-3307.247253619435","-5975.346157650375","-383.83258078959733"
"457","913","913","913","-3716.64640568762","-6160.514161535085","-519.1740854579216"
"458","915","915","915","-2975.7133825508226","-6281.5633716737975","-412.31332167704556"
"459","917","917","917","-3065.342794411553","-6173.822840135123","-572.3305854789415"
"460","919","919","919","-2011.6751923449478","-6348.109775250649","-567.9626126739855"
"461","921","921","921","-2479.7717660788007","-5884.615468785713","-357.04373127715036"
"462","923","923","923","-2848.151876767196","-6080.307174203163","-614.2618653119073"
"463","925","925","925","-3630.997088765129","-6314.783743910657","-382.6610788185637"
"464","927","927","927","-3034.278791919835","-5966.503449562476","-449.8467101408587"
"465","929","929","929","-2971.2836391681894","-6679.337175339132","-669.2352288714362"
"466","931","931","931","-3823.148306956084","-6908.109264092382","-384.64711054714576"
"467","933","933","933","-3277.9405451145735","-7255.0936513491915","-454.41667622676977"
"468","935","935","935","-3656.5848701458176","-7191.5756168423595","-399.2896662003536"
"469","937","937","937","-3748.2338127415474","-7837.8552054539405","-600.0404067353375"
"470","939","939","939","-4844.237120075542","-7352.437065601044","-331.8424482643769"
"471","941","941","941","-4114.42249921432","-7904.968638787237","-494.14347805648737"
"472","943","943","943","-4134.396988662823","-7646.218880763774","-616.3989435541426"
"473","945","945","945","-4011.0257396644274","-7787.9615569104335","-602.0764131711392"
"474","947","947","947","-3411.445376376246","-7366.238203659501","-594.7932349641034"
"475","949","949","949","-3615.4938606936544","-7467.310382328575","-454.3587873765087"
"476","951","951","951","-3392.464107803564","-7026.24941112827","-628.780261106634"
"477","953","953","953","-4229.535343885351","-6938.307136227849","-542.2868288575712"
"478","955","955","955","-3004.963032985754","-6425.087751969576","-639.0088771712763"
"479","957","957","957","-3123.7012263830093","-6996.0955666403615","-641.9144502567651"
"480","959","959","959","-2935.8910879136024","-7288.659525523788","-618.1292059600826"
"481","961","961","961","-3211.3671839072836","-7473.69214819278","-640.0850469755171"
"482","963","963","963","-3492.199241807763","-7523.301046907345","-560.6342255812123"
"483","965","965","965","-3055.564981111107","-7769.084014071467","-598.6835004352807"
"484","967","967","967","-3179.2054489435404","-7083.084108393481","-649.2165753572655"
"485","969","969","969","-3265.2474017063655","-7347.784295556566","-489.50322887720216"
"486","971","971","971","-2876.318815972133","-7090.229002709301","-598.1553862774234"
"487","973","973","973","-2683.8509971864337","-7424.138386196349","-568.1423129302599"
"488","975","975","975","-4310.436410050669","-8343.85644917545","-589.5827761761835"
"489","977","977","977","-3800.1794498432937","-7154.845804039614","-542.2732105639063"
"490","979","979","979","-3042.1466626189904","-8072.627230831498","-879.9543220064189"
"491","981","981","981","-3400.703915645639","-7080.3253494595465","-887.3808570793365"
"492","983","983","983","-3945.769194072652","-7387.389924843555","-684.7748056915877"
"493","985","985","985","-3866.396699173358","-6685.944214253803","-756.0106372265498"
"494","987","987","987","-4684.889895004171","-7535.615332624691","-836.5826537287313"
"495","989","989","989","-3764.7103350589286","-7709.7064502760795","-824.2642945371615"
"496","991","991","991","-3593.9554545602127","-8513.362150824412","-910.8798910125653"
"497","993","993","993","-3059.7024162781327","-6911.182231362603","-826.5318098784077"
"498","995","995","995","-2021.2096498804863","-3150.123650600329","-849.8384253571745"
"499","997","997","997","-2165.1786987696364","-4115.48790459328","-924.4947012127489"
"500","999","999","999","-2279.5974857997944","-3933.773103512694","-928.2902995930264"
"501","1001","1001","1001","-1821.4098356028778","-4116.403409981639","-776.8508825242142"
"502","1003","1003","1003","-2501.0656679981284","-4294.3965601446425","-748.085253122389"
"503","1005","1005","1005","-1765.436909725966","-3089.3682624797034","-758.8716872030188"
"504","1007","1007","1007","-3276.942208623613","-7640.961508220294","-731.7754257036383"
"505","1009","1009","1009","-2782.0824489953575","-6940.663496284717","-1169.3809302968746"
"506","1011","1011","1011","-3250.087033921031","-7409.5032119554835","-838.4645636889438"
"507","1013","1013","1013","-2688.5095594297827","-6258.914207376332","-797.5167290932452"
"508","1015","1015","1015","-2795.1365576926155","-7013.447857766159","-784.2716400763285"
"509","1017","1017","1017","-3285.4516289557696","-6829.290420852586","-1036.7241862399355"
"510","1019","1019","1019","-2726.439579977887","-6428.520374727313","-765.2492684778206"
"511","1021","1021","1021","-3354.4959968323064","-6003.439523443922","-1253.8583932609667"
"512","1023","1023","1023","-2374.3585317383513","-5095.147174207147","-1365.5855740571196"
"513","1025","1025","1025","-2996.9453869129743","-6367.896058760367","-1665.4564847948623"
"514","1027","1027","1027","-3403.0763906426573","-6145.454151887826","-1304.0770381659222"
"515","1029","1029","1029","-2910.178193083283","-6088.47208294852","-1776.3287749482993"
"516","1031","1031","1031","-2639.2008494509005","-5561.779077884944","-626.9908478287697"
"517","1033","1033","1033","-2963.226287287426","-5332.5263625632115","-850.784908422999"
"518","1035","1035","1035","-2797.8504604876553","-5248.093746116547","-993.1830892732448"
"519","1037","1037","1037","-2619.443943906238","-4395.918943580255","-1169.839947434254"
"520","1039","1039","1039","-2867.623344838383","-4274.805766003297","-1362.3293345461223"
"521","1041","1041","1041","-2906.397151800046","-5682.717193775641","-1207.790657548987"
"522","1043","1043","1043","-3273.5454621647586","-5550.0978552502","-1993.0192923429804"
"523","1045","1045","1045","-3588.472581958861","-6725.359176735636","-1804.6100203511353"
"524","1047","1047","1047","-3499.8746762764517","-4500.098908052143","-1652.440541470725"
"525","1049","1049","1049","-3862.4294915732344","-6393.337183915709","-2466.8688309399313"
"526","1051","1051","1051","-3188.2911263043634","-4714.489742532325","-1344.2902442117695"
"527","1053","1053","1053","-3483.1040019545107","-4475.448602862062","-1730.3409051188319"
"528","1055","1055","1055","-4127.62639277962","-6258.4681290298395","-2476.991094586171"
"529","1057","1057","1057","-2911.3784092729516","-4757.8534997065635","-1324.5284130406794"
"530","1059","1059","1059","-3107.434233492483","-3938.923551677346","-1676.319388629644"
"531","1061","1061","1061","-4012.0033814030458","-7464.903054955671","-2527.625826918872"
"532","1063","1063","1063","-2645.7482201509715","-3944.883488599941","-848.2175311908328"
"533","1065","1065","1065","-3489.7716466940583","-7116.654650439795","-1603.9850217791131"
"534","1067","1067","1067","-2687.513241365923","-3812.8802865648345","-1611.5686850497234"
"535","1069","1069","1069","-1733.042806876542","-2720.5433364837095","-345.79666019577064"
"536","1071","1071","1071","-3164.0345318896266","-6200.554500473251","-1345.034684698454"
"537","1073","1073","1073","-1675.8437454237712","-3086.119597644959","-501.401826461198"
"538","1075","1075","1075","-2659.55664675843","-4043.377092560864","-741.2868222760573"
"539","1077","1077","1077","-1889.956418892456","-3911.58749316491","-781.6404438399541"
"540","1079","1079","1079","-2538.8245296325176","-3775.530674669039","-553.5031421090781"
"541","1081","1081","1081","-3111.475779645445","-7523.982230562374","-733.8499248360438"
"542","1083","1083","1083","-3613.870787168741","-6059.099232516727","-1042.2224998894148"
"543","1085","1085","1085","-3952.8315973415565","-6579.340784026946","-1033.4044888364526"
"544","1087","1087","1087","-3633.8334489903805","-5599.219160831985","-1048.4789781246232"
"545","1089","1089","1089","-2805.9258090392514","-4343.0622640456495","-587.25470375101"
"546","1091","1091","1091","-2605.64979125396","-6020.444039742015","-786.35067017698"
"547","1093","1093","1093","-2998.5651050186652","-4463.7032397790945","-480.78199872349796"
"548","1095","1095","1095","-1456.5180301274204","-2374.782212708562","-792.2003708001102"
"549","1097","1097","1097","-3610.1686637447106","-6264.776140946425","-1419.3597670961017"
"550","1099","1099","1099","-2511.1090792146165","-3398.9970901032743","-1780.9823459607758"
"551","1101","1101","1101","-1624.9043409916399","-2588.617869512088","-1013.5575762958097"
"552","1103","1103","1103","-2096.187559734799","-3795.743687438422","-1217.3382898314971"
"553","1105","1105","1105","-1765.598717633878","-2971.1276487373907","-503.3910441139494"
"554","1107","1107","1107","-2189.8591435454064","-4481.863092194737","-1061.952039350695"
"555","1109","1109","1109","-1844.9349024994385","-2700.7763876834183","-1362.508999561517"
"556","1111","1111","1111","-2947.1785929179723","-5819.479816172901","-527.1742074724946"
"557","1113","1113","1113","-2206.9694594833127","-3116.658743351181","-953.4427798887542"
"558","1115","1115","1115","-2250.1896348992364","-3619.54726583423","-1115.6313229949646"
"559","1117","1117","1117","-2627.5701379395314","-4844.254777966865","-614.234589824464"
"560","1119","1119","1119","-1838.8843138754594","-2953.0767426744187","-718.0516284712257"
"561","1121","1121","1121","-1999.677037417602","-3696.4775866389755","-493.4559136833877"
"562","1123","1123","1123","-2198.572281046498","-3486.224195786654","-477.7388697978231"
"563","1125","1125","1125","-2224.421934389862","-3582.1204869628486","-645.0825706653399"
"564","1127","1127","1127","-3991.163127160402","-5578.441056440366","-3010.5389491472124"
"565","1129","1129","1129","-3062.1695107431397","-4573.438108937698","-574.9281997856817"
"566","1131","1131","1131","-2120.5365273290863","-3622.926872454556","-507.04522443630367"
"567","1133","1133","1133","-2973.838321347828","-4503.1920049882","-1153.7526563365018"
"568","1135","1135","1135","-2846.826719635396","-4571.647303289965","-834.0911095970341"
"569","1137","1137","1137","-2551.826490397709","-4845.6860495872015","-430.4350901776505"
"570","1139","1139","1139","-3622.304112476766","-5934.473873337189","-871.3662143869843"
"571","1141","1141","1141","-3601.5430590945957","-7026.837315372637","-571.9763502937703"
"572","1143","1143","1143","-2386.2920277068615","-6458.082368590536","-706.2084678668676"
"573","1145","1145","1145","-2833.938518385699","-6070.048761354636","-667.7356879578759"
"574","1147","1147","1147","-3185.563416658214","-6951.058889368432","-637.1492201558397"
"575","1149","1149","1149","-4151.47887089623","-7128.341506560976","-864.281497064625"
"576","1151","1151","1151","-3082.2934242591164","-6647.411613882867","-616.2316590705509"
"577","1153","1153","1153","-2131.761225887623","-6335.972162217123","-878.1745676322485"
"578","1155","1155","1155","-2891.1206353284374","-6371.589809437179","-680.443056146868"
"579","1157","1157","1157","-1781.5426101929545","-2945.1583195985663","-507.291191495668"
"580","1159","1159","1159","-2863.436452050989","-6876.810674899439","-522.7571765217533"
"581","1161","1161","1161","-2908.0110168655615","-6975.298697187673","-989.1685520629811"
"582","1163","1163","1163","-2583.3217626707656","-6824.852283478316","-644.2516488420051"
"583","1165","1165","1165","-2488.785500012013","-6806.351100203414","-637.2272888745897"
"584","1167","1167","1167","-2692.9092281358307","-5197.0035400745965","-772.1436897245555"
"585","1169","1169","1169","-2809.4651009240197","-7247.229041508271","-570.8459383423003"
"586","1171","1171","1171","-2525.2889324710336","-6227.846254643838","-975.5504366898253"
"587","1173","1173","1173","-1940.5810802838882","-3908.632606865432","-797.1707099154443"
"588","1175","1175","1175","-1790.536095051403","-2955.9355166760447","-790.0944467692364"
"589","1177","1177","1177","-2630.90476745585","-6045.893955042863","-1167.1089279365037"
"590","1179","1179","1179","-1813.8609341073338","-2765.592150069951","-656.5216030933884"
"591","1181","1181","1181","-1384.2268203341607","-2327.2771495137044","-756.2059708822277"
"592","1183","1183","1183","-1767.1707531741908","-3458.453218790064","-593.5455308436843"
"593","1185","1185","1185","-1698.0382937612317","-3110.10064647493","-462.14600736227834"
"594","1187","1187","1187","-1897.5695682570044","-3097.2120029647585","-1071.467089378666"
"595","1189","1189","1189","-2240.8345209296717","-3812.177013401527","-495.94835491268145"
"596","1191","1191","1191","-1966.4232632306307","-4144.899566754391","-508.3820990829973"
"597","1193","1193","1193","-1851.2455241035382","-3143.8941114314575","-572.8874217588217"
"598","1195","1195","1195","-2892.8738140877367","-6499.4403515639715","-553.7186960965817"
"599","1197","1197","1197","-2603.1967081297003","-4754.84954829833","-1219.151183048636"