"episode","Group: Train_Rewards_simple_reference_if_load_meta:1 - _step","Group: Train_Rewards_simple_reference_if_load_meta:1 - _step__MIN","Group: Train_Rewards_simple_reference_if_load_meta:1 - _step__MAX","Group: Train_Rewards_simple_reference_if_load_meta:1 - train_rewards","Group: Train_Rewards_simple_reference_if_load_meta:1 - train_rewards__MIN","Group: Train_Rewards_simple_reference_if_load_meta:1 - train_rewards__MAX"
"1","1","1","1","-1253.7187672576026","-1508.6809976481918","-835.5163063612556"
"2","3","3","3","-832.7307567166359","-2077.9795854514678","-363.4735780302185"
"3","5","5","5","-743.440819975798","-1301.2553631612261","-256.42132587596655"
"4","7","7","7","-1039.7595905700218","-2005.8424343933773","-318.32612897933933"
"5","9","9","9","-18095.410480183644","-31253.8848500692","-1792.2205151151982"
"6","11","11","11","-53912.85749926523","-74643.6765262145","-14531.695344194259"
"7","13","13","13","-104013.94753879905","-119165.920578918","-94437.48352333925"
"8","15","15","15","-93438.94750167112","-116566.67869497462","-56772.70324552404"
"9","17","17","17","-93708.74690779182","-123251.38027329468","-49074.4434809379"
"10","19","19","19","-94700.67687416394","-133743.74355783596","-51623.145110040496"
"11","21","21","21","-82223.16212252367","-111307.39675130881","-50060.78935424665"
"12","23","23","23","-82758.44661710966","-139582.2864940007","-37753.75064949044"
"13","25","25","25","-46698.64979588294","-85163.78807444216","-27270.430865582515"
"14","27","27","27","-53803.870083447335","-96723.57955837854","-3591.609946786324"
"15","29","29","29","-65029.8826063493","-110180.63659138151","-26565.710658308813"
"16","31","31","31","-78142.38144466325","-128275.31462737698","-57933.29252018298"
"17","33","33","33","-76583.4774003879","-100491.62231605421","-50364.479987802246"
"18","35","35","35","-74500.22733546412","-106156.07565511746","-47782.24699559512"
"19","37","37","37","-72728.17724452793","-125405.26685207048","-38235.49328287325"
"20","39","39","39","-66034.52685103628","-113387.51649134768","-19840.28704421022"
"21","41","41","41","-65401.66205951142","-98079.43821648101","-33897.03329203818"
"22","43","43","43","-58394.93265936091","-67222.56642177305","-46780.42293922116"
"23","45","45","45","-46297.43698979258","-74341.0996652856","-32025.334040248068"
"24","47","47","47","-67448.61763225119","-104424.58644149112","-34907.00147395316"
"25","49","49","49","-74880.6043522897","-138033.03092521906","-22939.212726930255"
"26","51","51","51","-83877.67186709745","-107863.37451268248","-59427.73380916564"
"27","53","53","53","-67637.07992475871","-100633.7018613086","-45297.86071804414"
"28","55","55","55","-62067.730854563255","-82987.01513123227","-44059.31782046299"
"29","57","57","57","-70429.54321448624","-89661.43136520166","-51090.736336697555"
"30","59","59","59","-78791.1485162561","-110134.23640968163","-38644.74843480626"
"31","61","61","61","-64697.349342830166","-109710.25533874355","-36484.184936004545"
"32","63","63","63","-67874.99624069555","-103016.11706991463","-38015.382445649215"
"33","65","65","65","-80547.17568615483","-125302.53523452052","-38183.40421342693"
"34","67","67","67","-70582.99952413511","-101775.0591811768","-28894.483287608167"
"35","69","69","69","-64175.499297344824","-100267.88497744917","-31196.493175805226"
"36","71","71","71","-46824.15250911751","-95518.65568631381","-15180.864006663194"
"37","73","73","73","-50123.46524945552","-85553.58220859483","-3407.5721719625444"
"38","75","75","75","-46504.63750714526","-70582.91726333473","-1284.3132656818984"
"39","77","77","77","-48403.784321532774","-78678.0865753298","-21408.87750039916"
"40","79","79","79","-61220.81565666123","-81026.47174519952","-23126.648807689307"
"41","81","81","81","-66799.48806034756","-124431.93915364018","-40852.26194497348"
"42","83","83","83","-54680.87302936219","-109294.8331561928","-4047.0007315353714"
"43","85","85","85","-48557.75172709526","-98436.51903597749","-3255.517471086991"
"44","87","87","87","-32014.8411636386","-84828.98857494307","-4616.296713716156"
"45","89","89","89","-23262.462743877117","-75193.47719874053","-1173.7239358201173"
"46","91","91","91","-16893.901960727868","-60105.15016955821","-420.514866427335"
"47","93","93","93","-28460.502803841955","-63720.301369875946","-393.4447905196823"
"48","95","95","95","-23826.39892213812","-64259.82831908791","-298.07370385959314"
"49","97","97","97","-21787.75060900688","-68303.13241111317","-513.2009617510068"
"50","99","99","99","-21797.044393396423","-72905.2406895293","-175.77712862951142"
"51","101","101","101","-20594.216578740765","-46528.63048902014","-3559.4573934812856"
"52","103","103","103","-14710.532708167073","-28711.172735143555","-1170.0098155942133"
"53","105","105","105","-24791.837466109042","-49364.226004494325","-116.4610422453277"
"54","107","107","107","-21968.710832696233","-39724.576807086596","-134.3412630407922"
"55","109","109","109","-18877.084732803567","-34348.97831290187","-583.8849773454997"
"56","111","111","111","-13605.629885797458","-39488.94464375013","-1396.6382349364728"
"57","113","113","113","-9407.459113941539","-19529.436553744294","-3010.889922487487"
"58","115","115","115","-18354.175022466865","-35657.12174856205","-6537.342115706472"
"59","117","117","117","-15505.768528383365","-34950.119773020975","-1473.277510961541"
"60","119","119","119","-18647.089878633655","-35940.39785136173","-958.8817025494636"
"61","121","121","121","-16249.039308382422","-35316.170164763374","-582.0465386328669"
"62","123","123","123","-22722.938541686475","-43530.08945750442","-7903.064858005288"
"63","125","125","125","-23132.757040599536","-55243.84590274295","-501.0594986523658"
"64","127","127","127","-18045.8701291428","-42182.89204914536","-516.3628347482131"
"65","129","129","129","-17688.159531878147","-33167.44515319733","-4881.25886184623"
"66","131","131","131","-20429.13670128074","-49763.60113619382","-2506.3515545093537"
"67","133","133","133","-23462.052091862704","-42359.623025368455","-3637.184695953623"
"68","135","135","135","-19707.055523413128","-42959.17774541095","-2383.517740019741"
"69","137","137","137","-13952.464136430537","-40866.71269234185","-3408.1775396399044"
"70","139","139","139","-11476.18528788962","-37795.56989707295","-770.2885494675863"
"71","141","141","141","-10204.89823707622","-35848.821077146036","-2835.735900726802"
"72","143","143","143","-13245.431333094064","-41940.194534665425","-2570.293345512441"
"73","145","145","145","-14293.966427087478","-38904.0794130399","-2789.0782920110837"
"74","147","147","147","-11933.216426909426","-48545.30559219266","-1021.1854683693336"
"75","149","149","149","-21834.95592235409","-71314.3028776344","-2845.783925312248"
"76","151","151","151","-17666.72833932458","-68358.77026543913","-1495.3176691836043"
"77","153","153","153","-21664.470718614895","-64080.089352869916","-1668.9218035775052"
"78","155","155","155","-28531.687966211302","-74216.29188971756","-1479.3302292785138"
"79","157","157","157","-27056.148346380833","-76549.2563095668","-797.1370298717366"
"80","159","159","159","-21373.2170903177","-46513.16132031616","-2613.1874165966947"
"81","161","161","161","-10014.314131746112","-28570.008922029527","-1736.5992605800707"
"82","163","163","163","-6173.234126530819","-14493.514201604516","-1319.7591846695798"
"83","165","165","165","-12101.246737705897","-23839.144661098286","-3020.4122504532706"
"84","167","167","167","-8430.948205973733","-22044.8423343615","-2043.8350785050839"
"85","169","169","169","-7422.10923969174","-18921.15719649048","-2645.622132323464"
"86","171","171","171","-8131.309187720848","-21759.277140826634","-1069.5674316775842"
"87","173","173","173","-4919.498106568288","-8419.906891838005","-2707.9141142381204"
"88","175","175","175","-6256.999794804452","-14217.000202446812","-2913.6042011148033"
"89","177","177","177","-4160.740768611551","-7232.430574938936","-1828.9203512977206"
"90","179","179","179","-4099.632686308005","-8888.47969284967","-1922.8906793782294"
"91","181","181","181","-7533.143961104516","-26111.62408701842","-1824.6857315368584"
"92","183","183","183","-3272.5386415819953","-8098.675047116836","-1007.9452096504311"
"93","185","185","185","-2894.054041660884","-6170.059761214332","-785.9305623012723"
"94","187","187","187","-7061.742496211946","-27984.090283897374","-1308.3677049616342"
"95","189","189","189","-1579.8238034968608","-2603.9993495553954","-1023.2802158361061"
"96","191","191","191","-1582.5856384897088","-3327.093946807978","-665.8415814215809"
"97","193","193","193","-8118.255459249905","-30676.457780381228","-357.2567792452925"
"98","195","195","195","-8890.397693993287","-35098.86577438607","-141.87721364211703"
"99","197","197","197","-2828.7055320787667","-8960.313753177692","-438.5057680490486"
"100","199","199","199","-5572.418948939498","-14361.861113380286","-190.42401575766974"
"101","201","201","201","-9250.694950348892","-22715.690784894734","-230.1351178395791"
"102","203","203","203","-7337.4374916657325","-18466.140881118634","-338.65625964982297"
"103","205","205","205","-3706.010983690923","-12543.346382781381","-161.5167985447015"
"104","207","207","207","-2292.488759065499","-7332.922078947231","-363.1238831875233"
"105","209","209","209","-1617.2311936041956","-4081.9757801248843","-524.8945681640006"
"106","211","211","211","-1469.3323422361025","-2901.1672186140613","-53.378183635812476"
"107","213","213","213","-1748.7800587046852","-3092.8289789829705","-159.71590111615203"
"108","215","215","215","-1796.2253246821067","-5592.837111026787","-111.8876927174512"
"109","217","217","217","-2369.1516072484155","-4898.44568773994","-807.2002961756407"
"110","219","219","219","-1601.2242631955999","-2935.21716168096","-154.40467737442424"
"111","221","221","221","-2093.000550417284","-4859.900617973984","-496.3539271980809"
"112","223","223","223","-2943.417937293895","-8553.82396169674","-479.66724619790546"
"113","225","225","225","-3394.1475765767696","-9330.831940313159","-260.07401894851"
"114","227","227","227","-2276.104211099052","-4208.664675660114","-500.95010202577873"
"115","229","229","229","-3851.881916002623","-8842.028318340846","-634.4475171064826"
"116","231","231","231","-4931.643575348052","-15722.264950685523","-525.802341254484"
"117","233","233","233","-3197.2929159129017","-4698.087420366679","-956.9786108386392"
"118","235","235","235","-4562.5525868961195","-9748.490956572554","-1573.4409318880519"
"119","237","237","237","-4390.589880474786","-10135.612247898955","-936.4821965454914"
"120","239","239","239","-4916.071978719835","-9737.402823280381","-1097.0249531382015"
"121","241","241","241","-3052.337605140924","-5420.310689926618","-738.7726963909453"
"122","243","243","243","-4651.889648567834","-10382.01498047481","-169.99325322015997"
"123","245","245","245","-3297.2331653177125","-6999.728609356562","-344.4678807850212"
"124","247","247","247","-7396.44862557238","-24967.021654571792","-164.22775045071643"
"125","249","249","249","-11781.015516621104","-44008.39446716024","-318.76183437713877"
"126","251","251","251","-7982.117848074204","-26907.818379103694","-129.95261381362945"
"127","253","253","253","-4004.557833568557","-10751.093374468968","-352.0907541177251"
"128","255","255","255","-4703.477209429224","-9190.526781897306","-113.31458739071928"
"129","257","257","257","-1903.337115545377","-4234.661738837541","-390.3349395389068"
"130","259","259","259","-3115.3299942320496","-5953.569038422139","-728.2870786754972"
"131","261","261","261","-2670.8673669577324","-4891.103229971518","-570.6742495402348"
"132","263","263","263","-2760.3279482561115","-7287.93510485156","-535.866389814746"
"133","265","265","265","-1483.728292231726","-2712.008674755728","-498.7104313633662"
"134","267","267","267","-1619.3761856352874","-2906.920006989411","-374.8437893284623"
"135","269","269","269","-1384.3924484250797","-2217.21045802982","-167.0118590750376"
"136","271","271","271","-1332.5183074144227","-2283.928046439215","-228.43268846171816"
"137","273","273","273","-1931.385710775751","-3063.144034115375","-791.9954486841821"
"138","275","275","275","-1107.772379376206","-1853.5510916489145","-436.4507017389382"
"139","277","277","277","-1295.8927236157301","-2042.4704984876175","-499.906206112558"
"140","279","279","279","-871.3816647349264","-2096.343907121574","-210.22732366198946"
"141","281","281","281","-1279.556096404167","-2097.5673676535644","-582.7347083292696"
"142","283","283","283","-1460.3089746616602","-2169.083915436734","-951.631561123778"
"143","285","285","285","-1004.8832662384442","-1315.761744418222","-783.7972733565141"
"144","287","287","287","-1112.833428134326","-1247.2204114853537","-809.5712197842133"
"145","289","289","289","-627.0970458341551","-965.8318292470235","-274.46147979023203"
"146","291","291","291","-1193.6782880940311","-2384.2219124263524","-613.0247057347004"
"147","293","293","293","-1369.6072135300533","-1942.405980501126","-656.0537674326937"
"148","295","295","295","-1679.55456495812","-2212.2399521208704","-966.3740765226156"
"149","297","297","297","-1320.2907365534065","-2683.7879872150747","-686.4275310371754"
"150","299","299","299","-1020.3920610088826","-1583.379371230798","-429.7321836388906"
"151","301","301","301","-1470.5738424760139","-4311.995751270444","-140.57196060239292"
"152","303","303","303","-1892.8459049215428","-5048.508619426232","-693.1905160997226"
"153","305","305","305","-2381.3031500868415","-7828.328140632304","-795.566419567793"
"154","307","307","307","-3878.9751105656187","-13775.54423319429","-611.0377359313259"
"155","309","309","309","-2872.7439454256883","-8538.671872100447","-922.9042011074401"
"156","311","311","311","-2513.9031976155784","-8344.651512310575","-326.35092185263943"
"157","313","313","313","-1580.4596578063677","-2791.5751082449256","-551.7594549743553"
"158","315","315","315","-2143.7993061097395","-4137.830544021343","-1214.3106748442358"
"159","317","317","317","-2291.60544638992","-4541.222087294184","-1133.2050534736381"
"160","319","319","319","-2571.3640037089936","-4126.830754984583","-1029.577523537279"
"161","321","321","321","-2871.5227749563787","-3692.7771587646225","-1402.3854523074533"
"162","323","323","323","-3021.3427782195467","-4355.454453240648","-1126.4994462902198"
"163","325","325","325","-12234.92127600335","-47805.51854174358","-1095.934894169089"
"164","327","327","327","-4001.3959800405783","-7342.451778364507","-787.3527380846712"
"165","329","329","329","-7822.672668236172","-28365.62420013498","-942.4739691112462"
"166","331","331","331","-5256.6577852028595","-19461.920070952765","-651.5834694801378"
"167","333","333","333","-4658.588166661192","-12290.969740183164","-364.7947597399725"
"168","335","335","335","-3013.3963166322974","-5197.306615983034","-1365.0465821665368"
"169","337","337","337","-3073.340207760128","-5756.923747323262","-857.2135461165774"
"170","339","339","339","-2952.7226063469398","-6019.990321256247","-1135.4125173173156"
"171","341","341","341","-3110.5782928494605","-4742.759758771249","-1693.0570792206554"
"172","343","343","343","-4591.613525238392","-7409.612694444543","-2689.2126069432384"
"173","345","345","345","-2994.5682048856897","-5212.5598937812665","-1806.3974987843205"
"174","347","347","347","-2845.419770047708","-4926.408181392081","-969.6854320005723"
"175","349","349","349","-3875.632877489649","-7690.744882361456","-873.5708765581263"
"176","351","351","351","-2758.4899000696305","-5394.788508207477","-335.54752666457534"
"177","353","353","353","-2203.640685941275","-5073.928411504292","-482.1610890555892"
"178","355","355","355","-2426.724708861305","-7440.943722905675","-295.01442374705516"
"179","357","357","357","-2849.637183015181","-6162.605421075061","-276.82612701458794"
"180","359","359","359","-2098.458222053524","-3903.075250985451","-481.9414637634779"
"181","361","361","361","-1943.6839969108964","-4376.80519946421","-748.3057074820043"
"182","363","363","363","-2036.3036205937449","-3724.714357090363","-895.9422366300688"
"183","365","365","365","-1644.4969899912762","-3491.9107145453463","-238.78755905103273"
"184","367","367","367","-1337.7441484804895","-2395.7968655287127","-596.6837113939031"
"185","369","369","369","-1735.3567050440743","-4371.323690548478","-51.77180292022436"
"186","371","371","371","-1791.995675557488","-3603.7294626402104","-550.0910761511931"
"187","373","373","373","-1384.501852045137","-2365.5266868282815","-498.07499760848606"
"188","375","375","375","-1621.3321167309452","-2250.35728662902","-894.6687562522133"
"189","377","377","377","-1725.1891153318952","-2642.7044408181464","-891.8518322158349"
"190","379","379","379","-1299.6252098291004","-2365.8964014730873","-591.1261855271458"
"191","381","381","381","-1922.0259909132005","-2722.710715159018","-1083.0290612692934"
"192","383","383","383","-2049.156377502733","-2517.4546862825537","-826.2864556463428"
"193","385","385","385","-1954.6672922094683","-4477.053614748325","-827.2235481183014"
"194","387","387","387","-2191.1236209896597","-3425.131473966356","-1133.2998438619018"
"195","389","389","389","-2001.859392496807","-3174.8971201219856","-856.0478447401388"
"196","391","391","391","-1868.515492866028","-2819.2405683619263","-1038.1622132185519"
"197","393","393","393","-1745.6500903829906","-1960.4764250991386","-1409.0072018069168"
"198","395","395","395","-1422.9799564712655","-2415.0755372039343","-606.510704017934"
"199","397","397","397","-2208.996208176889","-3180.3896657748437","-856.4596811029061"
"200","399","399","399","-1799.793447822439","-3660.6811695217684","-965.2177183722187"
"201","401","401","401","-1625.4253455431342","-2526.0295066549206","-821.7078895691413"
"202","403","403","403","-1971.0210288327526","-3670.8358714669116","-739.5476338246009"
"203","405","405","405","-1727.6030545330218","-3607.9788004625975","-722.8052299831901"
"204","407","407","407","-1556.4035372036283","-3337.4486572461333","-553.3960700721778"
"205","409","409","409","-1798.9292876922689","-2666.9494151206923","-810.3314916883136"
"206","411","411","411","-1822.5869721264396","-4447.653410648803","-436.6441685390703"
"207","413","413","413","-2362.3029352374733","-7297.95478833571","-280.2885580537304"
"208","415","415","415","-2166.686134688466","-6139.560552580744","-453.9381322181555"
"209","417","417","417","-1868.7526433084608","-4816.894877720031","-376.4734210090158"
"210","419","419","419","-1917.8839833303264","-5415.343571324181","-521.350482838773"
"211","421","421","421","-1473.1347968874124","-3850.4173818283602","-392.53477223175827"
"212","423","423","423","-1385.0671626346723","-3154.604325300343","-593.3326776061313"
"213","425","425","425","-1678.4344955576682","-4593.269123496484","-526.0846048378481"
"214","427","427","427","-1213.7754462514195","-3622.158422362437","-332.190545236018"
"215","429","429","429","-1183.133408655936","-3231.717087639892","-288.07977744705863"
"216","431","431","431","-1225.4079672863106","-2834.197981757166","-395.0057205184606"
"217","433","433","433","-1362.0279146221162","-2510.0712916658726","-159.27874361858727"
"218","435","435","435","-1521.8661290177922","-2621.639148717402","-366.6798533546477"
"219","437","437","437","-957.7726512756028","-1590.731929973048","-68.39589247213965"
"220","439","439","439","-1272.3052280738386","-2783.6789600809557","-347.7369791279265"
"221","441","441","441","-1103.1604357044225","-1872.0691864589744","-180.79433532594626"
"222","443","443","443","-1281.175177915873","-3267.0199956006436","-84.08999857977369"
"223","445","445","445","-1341.9339296898538","-2281.8370723095545","-584.7800379079288"
"224","447","447","447","-1105.3617391391804","-2628.2819958258865","-261.37185557409566"
"225","449","449","449","-1093.5392213877076","-2758.823093951606","-316.95057648742755"
"226","451","451","451","-1167.2540969908684","-2305.4115455535475","-219.3969825300979"
"227","453","453","453","-1278.5967893081934","-3014.417601562008","-327.2993359092968"
"228","455","455","455","-1075.2829103322688","-2110.4380055119195","-228.31906403597395"
"229","457","457","457","-1572.0286764666582","-4696.767123749942","-104.05664345762594"
"230","459","459","459","-1067.0342717556946","-3146.446954228128","-231.99274251372663"
"231","461","461","461","-1273.6724341749557","-2958.648126997922","-262.73612443488787"
"232","463","463","463","-1034.4041137193792","-2101.7489073812553","-351.8181589624454"
"233","465","465","465","-884.5228031926742","-2366.039185552845","-276.09593678635713"
"234","467","467","467","-867.1024671686997","-2016.0934538684137","-36.49186797386178"
"235","469","469","469","-903.3584620780782","-1493.8467949431213","-494.7293797503678"
"236","471","471","471","-696.4969457921203","-1393.9012620572194","-245.17589449897528"
"237","473","473","473","-513.0790116356053","-1176.34087863016","-239.4607698011839"
"238","475","475","475","-849.2904754094898","-1685.2185757565592","-294.375464932437"
"239","477","477","477","-881.9074582738818","-2854.8413107699366","-179.77628992589453"
"240","479","479","479","-676.3126652093686","-1198.4413675749354","-184.04994550160825"
"241","481","481","481","-741.6827248880181","-1826.9355640821382","-165.8090020984192"
"242","483","483","483","-888.9582745656231","-2301.6277715073525","-293.00918282681744"
"243","485","485","485","-834.1547987231774","-2246.6507022719607","-84.3834953645423"
"244","487","487","487","-712.6979034054382","-1127.9500305679649","-183.61688378302068"
"245","489","489","489","-897.3374636806715","-1711.8050511792192","-184.15362322402353"
"246","491","491","491","-661.1416937880871","-1078.469606839223","-296.4078159963103"
"247","493","493","493","-879.2508828823496","-1569.4342905487588","-143.18721914967654"
"248","495","495","495","-664.6261374582549","-1572.9208251729463","-136.93710671719955"
"249","497","497","497","-829.0123890987561","-1647.393478890267","-149.4795690446933"
"250","499","499","499","-1075.85894544042","-2510.7652331111613","-140.3885874767522"
"251","501","501","501","-1013.1415103697676","-2107.4447000206187","-227.10186667204462"
"252","503","503","503","-908.6754415713233","-2091.096571333396","-304.54662496707584"
"253","505","505","505","-1252.1444958769184","-3112.781276983877","-449.8285400430837"
"254","507","507","507","-996.6288082550752","-3335.9956213002038","-363.85713986207213"
"255","509","509","509","-1112.581873495914","-2405.0550968736225","-433.8623328444767"
"256","511","511","511","-761.7802038505787","-1498.994380088699","-78.30231872092311"
"257","513","513","513","-766.6321319146443","-1613.1651341650154","-244.65096155882276"
"258","515","515","515","-973.7084444019544","-1877.4354464086869","-412.8770543810565"
"259","517","517","517","-814.2004866605303","-2129.28162258871","-101.08876681287506"
"260","519","519","519","-769.2226761911571","-2146.5963331150765","-152.19318708448563"
"261","521","521","521","-874.69855720816","-1634.7033778521254","-270.5525636878887"
"262","523","523","523","-1015.3328341373177","-2304.058605443472","-274.676155130159"
"263","525","525","525","-871.2327806697834","-1661.3260722648488","-248.93558696049845"
"264","527","527","527","-664.6089496212511","-1197.156406489031","-257.98602541817945"
"265","529","529","529","-767.2477629666903","-1544.0606358686887","-98.52977270105798"
"266","531","531","531","-894.6225505621336","-1844.731277300502","-330.929968792894"
"267","533","533","533","-649.078582621455","-1006.6966041174528","-311.8641035801157"
"268","535","535","535","-768.9168306533468","-1459.7596111017713","-476.6204934845133"
"269","537","537","537","-547.4978710722625","-952.0702156878663","-280.7150848558585"
"270","539","539","539","-558.2971500906766","-767.0195886618657","-375.83436334377024"
"271","541","541","541","-726.394977398715","-1938.1236718586654","-377.9115371645205"
"272","543","543","543","-552.6871758903624","-679.6441341296918","-386.22300331875715"
"273","545","545","545","-623.7777591059726","-1012.2160336988627","-166.18308003013016"
"274","547","547","547","-570.0055785875636","-741.886499420536","-268.6556273134429"
"275","549","549","549","-606.2544552761398","-1050.9369873825335","-214.18839507004483"
"276","551","551","551","-658.2594788658811","-1619.584843266328","-272.9154474476117"
"277","553","553","553","-728.7440015962599","-1974.1065859672635","-285.00684567405716"
"278","555","555","555","-727.4928862901364","-1846.4565219236245","-110.12044172409219"
"279","557","557","557","-981.1056127657287","-1946.0861001892606","-275.93654792959046"
"280","559","559","559","-836.9736135068335","-1697.0951372284294","-189.3009446355585"
"281","561","561","561","-1054.366069420672","-2777.7901755126745","-284.5125296343672"
"282","563","563","563","-1003.0812203685067","-1872.2688472083","-96.23978113241282"
"283","565","565","565","-763.7677886339621","-1750.7071403192954","-384.5614749417047"
"284","567","567","567","-1115.2779430701607","-2063.5361402280073","-769.1155183810379"
"285","569","569","569","-908.538497665232","-1532.902443168706","-318.83011296020413"
"286","571","571","571","-1108.241635386134","-1897.4127437671002","-334.20942765159134"
"287","573","573","573","-1445.4791263271215","-2874.2891692041235","-356.8847668595261"
"288","575","575","575","-1221.5591478542992","-2303.5725078321766","-252.53132729306088"
"289","577","577","577","-1648.09417170864","-3060.9472046509813","-675.6248148866364"
"290","579","579","579","-1588.678788393952","-3014.475963856657","-379.0161820507767"
"291","581","581","581","-1037.707758964208","-1905.7089142668926","-716.523707053813"
"292","583","583","583","-870.1170486895262","-1782.6665282936826","-312.5680442463289"
"293","585","585","585","-1099.1162329886786","-1762.7610208039252","-325.6018612811689"
"294","587","587","587","-960.6810457202371","-1960.7881238504724","-506.382468651425"
"295","589","589","589","-1258.469630469698","-2895.121620178806","-421.9772137468039"
"296","591","591","591","-1296.0750611694816","-1953.9019047553106","-204.35254961191168"
"297","593","593","593","-1215.5761183093011","-2656.462427480626","-494.9039344085764"
"298","595","595","595","-1148.5657024956454","-1991.0135916024572","-568.6135050223091"
"299","597","597","597","-1146.7156149644077","-2082.6799988567377","-316.89416486330526"
"300","599","599","599","-1290.669678774681","-3210.5538048382787","-287.76786129263803"
"301","601","601","601","-1487.008694387557","-3658.8410359437376","-547.9352701084422"
"302","603","603","603","-1380.251841725521","-2645.071519599881","-169.21954892921585"
"303","605","605","605","-1424.9208400132975","-3877.253203792281","-485.80412428415104"
"304","607","607","607","-1013.3539010361774","-1625.7602308088876","-299.3202589305512"
"305","609","609","609","-1402.762513452396","-2612.921446233614","-409.0584596860696"
"306","611","611","611","-1365.6190067529365","-2631.0213485627387","-358.0648131453492"
"307","613","613","613","-1260.1995568124862","-3604.039823736188","-432.4042740175894"
"308","615","615","615","-1747.5395273362406","-4915.8716721150495","-567.2312760197667"
"309","617","617","617","-1660.9327271097184","-4002.07607504968","-501.8589546804071"
"310","619","619","619","-2392.1775622997693","-8629.61778346459","-353.16954646870056"
"311","621","621","621","-2094.599912161878","-7760.332941237548","-209.6766563479497"
"312","623","623","623","-1639.2084142039316","-5395.58859974856","-120.57799697154776"
"313","625","625","625","-1566.9543348164157","-3874.318815351823","-596.4848220748906"
"314","627","627","627","-1510.3057052059742","-4795.88700751658","-279.8280153299151"
"315","629","629","629","-1912.7834499214362","-5760.173783990927","-231.2986606276248"
"316","631","631","631","-1929.8894017078248","-6665.519973481718","-165.74524003219344"
"317","633","633","633","-2295.041040710027","-8179.854078359771","-376.9145833165437"
"318","635","635","635","-1673.3532976442307","-5348.1705748128725","-216.50773703207426"
"319","637","637","637","-1629.6149465838103","-4353.693843864562","-362.60878235320024"
"320","639","639","639","-1355.63392357415","-2974.3312340403513","-557.5303729882564"
"321","641","641","641","-1322.720856336659","-2442.3009961710814","-500.87962657012554"
"322","643","643","643","-1170.0687625266244","-2240.529119005759","-319.66350324351623"
"323","645","645","645","-1084.6140788410523","-2337.0914798664503","-466.49696703531686"
"324","647","647","647","-668.51391948178","-2064.719617532126","-135.49240645238416"
"325","649","649","649","-1046.7724419983517","-2569.1904824344747","-385.5375954907728"
"326","651","651","651","-1039.6810470343562","-1982.6301694224628","-326.8412508568737"
"327","653","653","653","-947.7105000144671","-2556.832219767301","-66.3114783824724"
"328","655","655","655","-1018.6626408454343","-2357.6115228097533","-284.6554064170218"
"329","657","657","657","-938.3492280205531","-2328.053273238725","-175.5259771667977"
"330","659","659","659","-997.2721902962534","-2770.816301223918","-299.0748240196902"
"331","661","661","661","-754.6605317157429","-1783.7842055576316","-341.6898672636564"
"332","663","663","663","-890.5149777531645","-1892.3757924405909","-309.92645558797"
"333","665","665","665","-966.3955157332614","-1846.0826952600653","-415.6351584076508"
"334","667","667","667","-773.9603211939515","-2062.1917303069927","-161.5276360138736"
"335","669","669","669","-885.6918113499357","-2108.115637059562","-138.90145015945436"
"336","671","671","671","-878.6149720221696","-2226.4921156211476","-378.4296558700191"
"337","673","673","673","-799.4324347954614","-1445.4499669362642","-327.10265741997404"
"338","675","675","675","-667.0798375873316","-1669.9373279711517","-122.3950091788952"
"339","677","677","677","-687.4528077222146","-1326.7628895901146","-134.87506461302786"
"340","679","679","679","-711.3559419152169","-1828.5533486854827","-125.62624573493532"
"341","681","681","681","-499.99811526854336","-810.9713136853026","-199.6786130374243"
"342","683","683","683","-416.3177622787747","-727.5615783824771","-93.1513751861277"
"343","685","685","685","-563.5040389504641","-1224.554853339199","-127.69989237562577"
"344","687","687","687","-570.7301651013096","-1292.0428720717523","-118.29046955112422"
"345","689","689","689","-550.0833219352818","-930.3398897563886","-353.5873449545131"
"346","691","691","691","-359.26053083668717","-707.0706330316289","-55.21829672564681"
"347","693","693","693","-464.9785678189454","-790.0108800778514","-202.19427308802526"
"348","695","695","695","-928.9013214943467","-1458.143278769578","-254.68617722482225"
"349","697","697","697","-920.0645375862466","-2390.0142374460956","-349.3085002978342"
"350","699","699","699","-1007.2366740789155","-2741.737937806916","-56.50491109179944"
"351","701","701","701","-854.0038446959346","-1775.547699063239","-314.1447346158156"
"352","703","703","703","-755.4919793299313","-1597.34324884541","-196.04435744107892"
"353","705","705","705","-813.0010466564587","-1471.592782135818","-430.21983293522146"
"354","707","707","707","-1000.5252645720113","-2031.953095339419","-49.50896510506241"
"355","709","709","709","-1192.303262578142","-4009.388755593664","-235.85157129005262"
"356","711","711","711","-928.4506224156783","-2430.344587798728","-176.72039189805497"
"357","713","713","713","-973.0724845588844","-1807.800181003935","-387.37700295758015"
"358","715","715","715","-832.2995868030806","-1612.9029717984404","-237.10110576040023"
"359","717","717","717","-799.0578318887218","-1807.3539691386527","-288.5855219707387"
"360","719","719","719","-836.0720543092166","-2212.658001430201","-164.43650808448797"
"361","721","721","721","-1422.902153243881","-4073.6415038428554","-202.31878114332"
"362","723","723","723","-702.0863245646008","-1621.860599179676","-250.65181302785896"
"363","725","725","725","-970.5175553156505","-2519.676898137304","-135.97245671949887"
"364","727","727","727","-1002.982347172108","-2984.7990306882384","-333.58352483488454"
"365","729","729","729","-804.902496150176","-1786.0549463228958","-373.3292061475968"
"366","731","731","731","-1023.5080015441551","-2819.971988998712","-370.8257490932342"
"367","733","733","733","-859.2943873737925","-1696.2225955677402","-274.30372329012516"
"368","735","735","735","-1269.7869558370296","-3153.900964220719","-448.7024855129804"
"369","737","737","737","-877.4391211383405","-2560.701361265333","-166.66417296751285"
"370","739","739","739","-821.7845252764888","-2416.85842558487","-176.71052422670567"
"371","741","741","741","-711.7517408064022","-1586.862311666763","-148.8447179239504"
"372","743","743","743","-982.360980280501","-2364.097144973994","-170.72882669288555"
"373","745","745","745","-1169.1881983145217","-2988.1757082978365","-243.20051239843158"
"374","747","747","747","-778.1445833903551","-2224.8999709843924","-106.71370839454227"
"375","749","749","749","-678.6264214143387","-1264.5886254399143","-175.85276748927987"
"376","751","751","751","-899.5682696296064","-2740.4925543549302","-280.149482967381"
"377","753","753","753","-869.2044579944875","-1766.7261966815843","-59.11823861846747"
"378","755","755","755","-693.2442987013927","-1786.354053582649","-89.71051492897196"
"379","757","757","757","-958.4215853355896","-2246.871717321711","-107.96902474495437"
"380","759","759","759","-1171.3557836373288","-3698.1398934380727","-218.03774879372008"
"381","761","761","761","-1304.2821768931772","-3764.6402375776834","-474.75997488058965"
"382","763","763","763","-1073.8759000533412","-3535.507750198485","-142.86575442032688"
"383","765","765","765","-1204.209253215175","-4415.033974597716","-247.11489462087414"
"384","767","767","767","-1692.7145154957375","-6977.02320345788","-213.34241802471163"
"385","769","769","769","-2175.788347418066","-9276.082798296227","-197.42951345443782"
"386","771","771","771","-1906.9129475206876","-8326.109621176682","-150.20751492731682"
"387","773","773","773","-2172.5430471320205","-9719.66157950039","-63.048777897320235"
"388","775","775","775","-1506.4193615364952","-5489.4196179627825","-232.15182089355977"
"389","777","777","777","-1150.7779064967012","-2987.7582093484048","-98.53970538199236"
"390","779","779","779","-1141.5217187668866","-2291.9763614230137","-66.77246169680025"
"391","781","781","781","-786.6156302608624","-1743.6591821263348","-103.39350965979396"
"392","783","783","783","-783.1913557607619","-1613.9902773696608","-250.19070573875632"
"393","785","785","785","-735.9013894439315","-1720.0188532503073","-86.7465966067543"
"394","787","787","787","-648.0433392068888","-1789.6086699057485","-123.84529002490827"
"395","789","789","789","-873.3079051104512","-2110.112015871839","-142.8613560382598"
"396","791","791","791","-591.0972539808937","-1224.9175754454316","-43.47099304081743"
"397","793","793","793","-852.2443796791634","-2215.2349033705714","-190.19627315667972"
"398","795","795","795","-768.3373799191179","-1746.4931006552517","-172.89257350931211"
"399","797","797","797","-972.6272189425599","-2769.776846624179","-208.07251866431355"
"400","799","799","799","-812.9158482133529","-1742.822302679015","-123.56105374663778"
"401","801","801","801","-801.1428540461135","-1932.8595789317858","-236.72752960777126"
"402","803","803","803","-690.2971873560114","-1994.090280482616","-173.86526507823228"
"403","805","805","805","-1243.5203900308538","-4494.742113503791","-73.42632874646452"
"404","807","807","807","-980.5791968978104","-3332.7128802210113","-133.8590939976829"
"405","809","809","809","-1154.081876384405","-3080.3639613315427","-235.63160450002513"
"406","811","811","811","-973.1153930129856","-3281.3537062810233","-107.67524302440555"
"407","813","813","813","-799.5222759365831","-2165.7523945539065","-93.00010288949582"
"408","815","815","815","-748.560424899314","-1420.0218211452373","-179.6206813432119"
"409","817","817","817","-689.9561874888874","-1601.3584012071026","-334.69631928564866"
"410","819","819","819","-577.8943420343943","-1225.617227539684","-171.57435506455838"
"411","821","821","821","-588.5793441308435","-847.4450484818807","-291.7300199680038"
"412","823","823","823","-502.73866597597515","-719.7250372909933","-383.20148290084035"
"413","825","825","825","-491.4908124157848","-797.0196252743867","-211.9075604407801"
"414","827","827","827","-561.7264162669645","-947.3404717438067","-267.4874714376871"
"415","829","829","829","-662.4808368459304","-934.2956494974366","-334.4736473605426"
"416","831","831","831","-668.3604318251706","-1312.5372789409932","-273.2342685265974"
"417","833","833","833","-667.2205043612754","-1327.740736987982","-214.98273547909812"
"418","835","835","835","-503.29367432740565","-851.9297963097574","-248.15264483234208"
"419","837","837","837","-688.2139339153246","-1238.5087946124404","-261.4908837739705"
"420","839","839","839","-524.157328448279","-1185.4580884780669","-145.83609634794814"
"421","841","841","841","-427.0464836155326","-750.8807443942302","-83.72378801719557"
"422","843","843","843","-811.232245892096","-1633.2538993449962","-220.12370667263124"
"423","845","845","845","-944.3731631674557","-2046.090924856439","-242.9815911555393"
"424","847","847","847","-564.5584253703142","-1560.6819922468487","-183.8252825844776"
"425","849","849","849","-544.4865473329471","-1042.8567210185495","-199.40972864577523"
"426","851","851","851","-522.7099995380051","-1322.2173238405894","-133.80729570707607"
"427","853","853","853","-670.7142908219927","-1355.2162606113898","-139.3734853099632"
"428","855","855","855","-465.09544253228114","-769.2936898493799","-119.42285668791106"
"429","857","857","857","-524.2399747444367","-851.0501487040988","-231.13627068850312"
"430","859","859","859","-584.3197176621104","-1284.9865788469172","-199.86031591536675"
"431","861","861","861","-557.5369366049908","-904.1958134239612","-317.01496237057466"
"432","863","863","863","-527.1548734052265","-1045.5419982765052","-116.33597724389945"
"433","865","865","865","-526.8875432707976","-900.2094996120325","-98.0068234600485"
"434","867","867","867","-570.8578752554965","-1097.4184588383787","-48.43999161903388"
"435","869","869","869","-438.16923094223023","-608.291781354935","-86.4978846991533"
"436","871","871","871","-525.8134134608858","-778.3492141310263","-24.365228122595887"
"437","873","873","873","-545.2675336208438","-759.3016627600513","-144.79819451312"
"438","875","875","875","-560.7672163366675","-1059.4465970356694","-169.56963890384557"
"439","877","877","877","-630.6180323476754","-1691.5182993206415","-125.50233116947709"
"440","879","879","879","-564.9118380928588","-1370.9968626038956","-94.62955862524227"
"441","881","881","881","-481.33267466272207","-1094.3859193448277","-241.92567287704568"
"442","883","883","883","-397.9570247531355","-894.380024621645","-66.72256616002154"
"443","885","885","885","-570.8624244928635","-1508.7402768988802","-147.0482693460251"
"444","887","887","887","-697.6838182749894","-1442.510402075943","-96.41211777820484"
"445","889","889","889","-639.9791831009072","-1302.8170661255347","-141.32863426383335"
"446","891","891","891","-499.76783191545417","-1141.7520824142346","-184.09573568823205"
"447","893","893","893","-506.6875658705643","-1390.3518053598434","-90.62972500475573"
"448","895","895","895","-646.086578345002","-1067.2156501005995","-475.6540299431105"
"449","897","897","897","-546.0448495432514","-1019.1475013961903","-169.21647407944195"
"450","899","899","899","-437.4481600362925","-886.6865558926497","-230.50234553584212"
"451","901","901","901","-700.8619519687751","-1107.6735516331453","-333.01954288777074"
"452","903","903","903","-800.661311854388","-1763.2307807286604","-214.94497969667717"
"453","905","905","905","-566.2328576378626","-1042.3354313808297","-203.21273794763314"
"454","907","907","907","-791.8063035668265","-1396.3518933564244","-244.23305926785716"
"455","909","909","909","-701.761292659042","-1697.91568451569","-274.78568893788747"
"456","911","911","911","-772.3629340294901","-1714.9230980712755","-206.85462155909758"
"457","913","913","913","-797.0343895472724","-1303.9317855100971","-129.182569786226"
"458","915","915","915","-593.1530233135861","-946.8162938098617","-222.83872887104178"
"459","917","917","917","-626.9292177510164","-1098.7110567650493","-88.18813793672315"
"460","919","919","919","-698.4109576343377","-1590.162886025287","-206.9227358363695"
"461","921","921","921","-836.1605179272092","-2061.17653675319","-151.94428904164585"
"462","923","923","923","-631.4044123527481","-1181.2687434252462","-116.53381138300009"
"463","925","925","925","-561.2656244506965","-999.1637827827512","-288.9138654628315"
"464","927","927","927","-725.880955060006","-988.5885328528295","-284.0936875454889"
"465","929","929","929","-574.7285697654067","-835.1150210169559","-369.11724590179335"
"466","931","931","931","-778.698036433884","-1156.2009619667501","-560.649673969896"
"467","933","933","933","-648.211486880789","-879.0588039940615","-407.77574366647167"
"468","935","935","935","-766.558895957417","-1035.5565676920362","-484.30993578053227"
"469","937","937","937","-677.7298437033362","-1047.1371697849772","-348.6296397404782"
"470","939","939","939","-508.9151693955967","-755.4086864619813","-118.08759596396574"
"471","941","941","941","-887.8506216604295","-1115.5345855324335","-556.587448888125"
"472","943","943","943","-789.5939579707376","-1848.4837693494367","-288.47826033392016"
"473","945","945","945","-755.0078973915672","-1798.8728430025521","-229.32370455963328"
"474","947","947","947","-561.7444042078374","-1201.4997144459812","-205.66648977434895"
"475","949","949","949","-930.8199352707659","-2060.3403530670967","-410.11216508540195"
"476","951","951","951","-769.6825106580367","-1597.7399658666575","-364.93525513772323"
"477","953","953","953","-546.4966352710262","-1554.2981320770007","-214.39102984512533"
"478","955","955","955","-744.4039039055446","-1775.6230301482371","-196.72772016658692"
"479","957","957","957","-687.94506321877","-1638.9845046651255","-203.2918270213544"
"480","959","959","959","-703.8252217564707","-1323.7784957448732","-315.01106380432657"
"481","961","961","961","-553.2388272532506","-1224.4739187853424","-179.6123186450297"
"482","963","963","963","-770.0419265434318","-1809.6068347988878","-186.62380044240402"
"483","965","965","965","-937.5397712933634","-1798.1667710262375","-251.5180818913853"
"484","967","967","967","-642.6773173908966","-1124.4574035261003","-294.13722877803605"
"485","969","969","969","-532.989770630643","-952.9582788030677","-299.61065701802687"
"486","971","971","971","-587.66452600788","-957.3687187974601","-190.9299225839237"
"487","973","973","973","-905.8916803513846","-1806.9785893478045","-257.893622988832"
"488","975","975","975","-913.7849526628228","-1437.2772805054153","-632.0625688159047"
"489","977","977","977","-809.0998856002892","-1458.478536499654","-443.68987698120065"
"490","979","979","979","-1075.8017696930056","-1936.3520811861226","-318.7524698506482"
"491","981","981","981","-960.9933234751085","-1457.8316994545685","-345.5738759789546"
"492","983","983","983","-1074.9552739791998","-1625.528574057344","-577.0327440717157"
"493","985","985","985","-765.5852814122848","-1498.321239883092","-183.75122853849342"
"494","987","987","987","-976.5703953796298","-1892.6924256552818","-422.0397609722708"
"495","989","989","989","-638.2325898701034","-1328.8441461605732","-283.7065757647236"
"496","991","991","991","-626.8737053107127","-1019.856203433195","-340.0280487189633"
"497","993","993","993","-650.3675000528481","-1706.0024231947684","-204.69371105537195"
"498","995","995","995","-429.26088318748737","-640.5963995150219","-243.03921385966154"
"499","997","997","997","-810.0888618420497","-1286.3571687056751","-286.425311598661"
"500","999","999","999","-647.0029123240387","-1122.1313807851498","-378.68627483129353"
"501","1001","1001","1001","-746.7487033535651","-1950.9579414926468","-249.8542320162351"
"502","1003","1003","1003","-616.6918314193625","-1569.1225221650727","-216.33402072600146"
"503","1005","1005","1005","-790.6164090529612","-1457.0197195535754","-408.66029282277225"
"504","1007","1007","1007","-834.0900336936171","-1415.506391761154","-235.34972383496594"
"505","1009","1009","1009","-951.7548667179057","-2655.6589562903214","-352.17654267429646"
"506","1011","1011","1011","-1054.4655199905546","-3055.09312943635","-162.4811949827249"
"507","1013","1013","1013","-617.9825544101524","-1060.3986721262281","-59.568639416465295"
"508","1015","1015","1015","-735.2195327773155","-1865.0705415990474","-201.99069568229024"
"509","1017","1017","1017","-565.0774371531046","-1052.3465788282112","-191.98336601922423"
"510","1019","1019","1019","-619.7272387618871","-1655.6883094938903","-258.6233694800537"
"511","1021","1021","1021","-637.7754725153889","-1288.8693322794884","-257.48429613862976"
"512","1023","1023","1023","-956.5704765280823","-2197.378886797692","-92.46031885827641"
"513","1025","1025","1025","-779.5681041104414","-1371.5609113294684","-231.18882698611336"
"514","1027","1027","1027","-752.0367302771177","-1255.691925441042","-343.0317634244522"
"515","1029","1029","1029","-822.0244619512823","-1448.1509997847986","-420.3825496568339"
"516","1031","1031","1031","-690.8630163811383","-1060.4968267724685","-127.30251328333787"
"517","1033","1033","1033","-430.29299970345863","-562.653722097835","-256.9129826907147"
"518","1035","1035","1035","-549.9551912332976","-1082.583360597779","-245.7064475853499"
"519","1037","1037","1037","-677.0949441823548","-1079.7748620799969","-147.5267534581943"
"520","1039","1039","1039","-427.09211814126365","-544.5180395384368","-302.68205664212184"
"521","1041","1041","1041","-671.824298044228","-1513.6960522289523","-329.5203032213474"
"522","1043","1043","1043","-607.448918644285","-1398.7236645880826","-184.45620159301544"
"523","1045","1045","1045","-715.6617295724324","-1142.9281662864478","-429.6594653351872"
"524","1047","1047","1047","-432.35358714910853","-776.6563682528006","-161.67096810804458"
"525","1049","1049","1049","-642.0697717200271","-1713.4260817118482","-121.35631241618879"
"526","1051","1051","1051","-692.0283345163192","-1142.3373411616712","-221.25429606466705"
"527","1053","1053","1053","-649.3582979080848","-1413.6838019595968","-54.60178815107085"
"528","1055","1055","1055","-3256.2931627724015","-14224.663823292538","-213.5824419094106"
"529","1057","1057","1057","-570.6473465248222","-1128.446311468428","-276.9810463097134"
"530","1059","1059","1059","-413.8731638553145","-652.7112454937836","-103.45323201064461"
"531","1061","1061","1061","-374.80094292774646","-530.2068446099236","-179.05777643775204"
"532","1063","1063","1063","-360.6469765484279","-675.081893683699","-124.42330288192555"
"533","1065","1065","1065","-569.1729979547107","-1061.6645073905213","-87.79475368768905"
"534","1067","1067","1067","-266.5987215318634","-390.6291620233853","-96.49673331119875"
"535","1069","1069","1069","-900.8917906550032","-1560.9656421061811","-259.5003684464857"
"536","1071","1071","1071","-539.3521682927508","-1123.6492631092926","-57.389288151503656"
"537","1073","1073","1073","-931.6064835659694","-2716.12703978748","-182.06099969592802"
"538","1075","1075","1075","-363.9572560866642","-1134.7925662235386","-69.72502364344244"
"539","1077","1077","1077","-386.43750480525506","-615.8793182483685","-263.97745180396765"
"540","1079","1079","1079","-700.5924723328495","-1610.646219380561","-120.64729552525839"
"541","1081","1081","1081","-643.2993323584151","-1088.4627194297007","-162.5831685618652"
"542","1083","1083","1083","-816.006714802513","-1619.0536434284547","-255.51482665135046"
"543","1085","1085","1085","-518.0633201464045","-1162.6678541271697","-178.70623098296667"
"544","1087","1087","1087","-756.0328715437088","-1398.967228060044","-265.49946839348746"
"545","1089","1089","1089","-633.2042664387388","-1078.7407055915287","-306.602347836224"
"546","1091","1091","1091","-468.4547042424171","-693.3878724068214","-167.75122269803535"
"547","1093","1093","1093","-454.5846182595407","-695.7482948860244","-254.984031564317"
"548","1095","1095","1095","-693.9091378115208","-1272.2028588323162","-350.6716567768636"
"549","1097","1097","1097","-390.65073954784623","-713.7521043754322","-278.2378777711018"
"550","1099","1099","1099","-777.3854359863755","-1928.3957144503158","-127.98617770514747"
"551","1101","1101","1101","-562.9657481103679","-1007.762846925083","-213.39258429196943"
"552","1103","1103","1103","-402.32322720310384","-689.5652233685684","-219.11113752357517"
"553","1105","1105","1105","-669.0182261984629","-1060.3179800311814","-302.99299639143806"
"554","1107","1107","1107","-287.98130050036485","-520.3120092479301","-95.65814760798384"
"555","1109","1109","1109","-382.65791551070225","-794.40248075258","-198.85411310994073"
"556","1111","1111","1111","-482.5399849994843","-1080.2146131047068","-176.75134512232773"
"557","1113","1113","1113","-325.5081805383791","-512.6274877288562","-111.21467732753285"
"558","1115","1115","1115","-243.5878942157304","-345.52210630312743","-55.13634410207911"
"559","1117","1117","1117","-364.61953523375087","-445.89921061837","-217.15661042056433"
"560","1119","1119","1119","-645.3423179014729","-1138.2489741754223","-193.79416143798764"
"561","1121","1121","1121","-292.0655197183478","-611.7720933359958","-75.638414834617"
"562","1123","1123","1123","-347.6818939431309","-639.8838457147501","-59.196984107192385"
"563","1125","1125","1125","-613.662089551374","-1090.669105123402","-368.480081102932"
"564","1127","1127","1127","-521.3825247830788","-1210.3298857677219","-108.26541703971643"
"565","1129","1129","1129","-453.41697375670327","-881.3448304005925","-127.59070317373138"
"566","1131","1131","1131","-576.4504489289263","-940.6264203736803","-221.44264980415886"
"567","1133","1133","1133","-843.6402869456588","-1758.1655687224631","-310.4193025743228"
"568","1135","1135","1135","-642.7577444215596","-1320.2859521323621","-57.292674221283185"
"569","1137","1137","1137","-722.6651559695948","-1361.850092914944","-152.38303137018946"
"570","1139","1139","1139","-652.4284432927504","-1652.366758282947","-157.5869572048904"
"571","1141","1141","1141","-660.1797936772052","-1672.7716328326999","-63.85176782221013"
"572","1143","1143","1143","-686.0268452380209","-1513.0694212077185","-342.7878734540979"
"573","1145","1145","1145","-832.7378685620557","-1527.0307779182228","-233.0020098526731"
"574","1147","1147","1147","-611.4785507339486","-1306.209996133498","-98.10320821819069"
"575","1149","1149","1149","-619.9518321721156","-1401.7439463362139","-265.0381124052144"
"576","1151","1151","1151","-821.905144517862","-1495.2656314247786","-356.77402488409024"
"577","1153","1153","1153","-950.1580361195745","-2409.8650245920758","-207.64057706112013"
"578","1155","1155","1155","-1448.888020354298","-4942.788354746318","-223.03621247612804"
"579","1157","1157","1157","-1658.9188693505553","-6186.291952426886","-281.4913327102355"
"580","1159","1159","1159","-1168.9862039165876","-4324.078293068072","-146.08211816260098"
"581","1161","1161","1161","-780.5697242687481","-2118.453925470134","-262.04290419345375"
"582","1163","1163","1163","-652.7769889987214","-1338.3993646089036","-200.8548443310894"
"583","1165","1165","1165","-1258.0128415020447","-3689.6865494494255","-328.32372647777765"
"584","1167","1167","1167","-834.110211329654","-1643.9283397089189","-137.49726265372516"
"585","1169","1169","1169","-920.5494248597695","-1768.7601541999168","-569.3417439084286"
"586","1171","1171","1171","-335.27455373573645","-504.967714272235","-209.92343651308298"
"587","1173","1173","1173","-608.0194113537086","-1697.8860227576977","-204.79701941504476"
"588","1175","1175","1175","-715.5259371556833","-1843.3215170245749","-137.18412961967667"
"589","1177","1177","1177","-533.811385030759","-967.8589216870664","-314.46937759199017"
"590","1179","1179","1179","-847.3805367385428","-1393.8376654119472","-283.23703153241627"
"591","1181","1181","1181","-839.996926411159","-2173.964722842537","-203.86779681219446"
"592","1183","1183","1183","-2254.6668924705755","-9309.37272937305","-224.16853144083495"
"593","1185","1185","1185","-1100.8982543761663","-3441.9527435824066","-181.40129459879861"
"594","1187","1187","1187","-1300.8375636196752","-3203.24293049501","-215.3166984984341"
"595","1189","1189","1189","-742.914119321895","-1281.4852749703252","-198.4341999756982"
"596","1191","1191","1191","-702.3915673198252","-1141.7917771308666","-336.8813986316528"
"597","1193","1193","1193","-375.5646751519106","-492.57628747779665","-186.07486211689732"
"598","1195","1195","1195","-698.332238374958","-1783.8170946494567","-286.62997188075275"
"599","1197","1197","1197","-624.5219593447067","-1741.6414661006997","-41.8772919200696"