"episode","Group: Train_Rewards_simple_reference_if_load_pretrained:1 - _step","Group: Train_Rewards_simple_reference_if_load_pretrained:1 - _step__MIN","Group: Train_Rewards_simple_reference_if_load_pretrained:1 - _step__MAX","Group: Train_Rewards_simple_reference_if_load_pretrained:1 - train_rewards","Group: Train_Rewards_simple_reference_if_load_pretrained:1 - train_rewards__MIN","Group: Train_Rewards_simple_reference_if_load_pretrained:1 - train_rewards__MAX"
"1","1","1","1","-1253.7187643631319","-1508.6810074330033","-835.516305551459"
"2","3","3","3","-832.7307554890838","-2077.979571748319","-363.4735759430871"
"3","5","5","5","-735.0215427730529","-1351.4325883818974","-269.47639327444506"
"4","7","7","7","-2441.9703135889604","-5323.168751158649","-667.5464677943577"
"5","9","9","9","-31099.72477340452","-52800.781268607345","-6643.991022559194"
"6","11","11","11","-52085.438551126805","-64934.82097076849","-37639.377149679545"
"7","13","13","13","-57445.62495256914","-75151.7356769634","-3744.4045675700495"
"8","15","15","15","-75709.51630143178","-114675.52652353983","-6735.152227267781"
"9","17","17","17","-75142.62987137002","-117473.39830422268","-29665.525269813592"
"10","19","19","19","-69076.31801933092","-79173.60516770129","-41889.31889494846"
"11","21","21","21","-70443.05487995053","-80166.88112970977","-46645.41367134905"
"12","23","23","23","-62093.09661051929","-68151.61848325763","-43768.52386572619"
"13","25","25","25","-61710.48315913397","-74051.5791060413","-35249.7273332731"
"14","27","27","27","-81554.30433629097","-110858.638662924","-54724.6021192158"
"15","29","29","29","-81644.21840140765","-102621.46839139394","-61133.57582668044"
"16","31","31","31","-83575.84395596078","-99759.13425755997","-57107.5228526103"
"17","33","33","33","-85950.31683370471","-103315.8060700296","-66606.287085128"
"18","35","35","35","-89453.30845918038","-109740.41826982255","-78533.7553636156"
"19","37","37","37","-95534.13912243664","-119483.50779515678","-72495.63459287517"
"20","39","39","39","-108916.52189561124","-129657.50022982594","-77469.30805935331"
"21","41","41","41","-106723.18149900288","-133418.8528508933","-79793.17171768133"
"22","43","43","43","-94506.03735939717","-105921.79216222832","-85056.1720472576"
"23","45","45","45","-102336.39664024282","-134477.60649313906","-71692.68716109439"
"24","47","47","47","-100788.34765833346","-142682.70059239166","-69206.39522964587"
"25","49","49","49","-84932.01706074858","-140181.49281531858","-50119.79633064307"
"26","51","51","51","-88497.9187223311","-104671.27759430333","-72658.01032527171"
"27","53","53","53","-82517.35370245247","-103414.24394851977","-67313.97874356296"
"28","55","55","55","-80463.77992854148","-106502.65642057318","-60208.763118869356"
"29","57","57","57","-92286.86395264955","-108706.47290737419","-73725.24830795714"
"30","59","59","59","-91591.66297022844","-125565.89823308976","-68767.7224632035"
"31","61","61","61","-92938.66107215064","-112579.98637665717","-71343.43999672844"
"32","63","63","63","-82214.07286768474","-101073.63183540202","-69556.97352466226"
"33","65","65","65","-98865.03338648293","-118183.24986375833","-80363.590111612"
"34","67","67","67","-100842.1420218467","-123815.77962998148","-70362.81047618836"
"35","69","69","69","-102949.4461736983","-126640.19101837171","-87353.61617891375"
"36","71","71","71","-98107.0316152377","-114264.73198137658","-69875.1777945498"
"37","73","73","73","-81620.4683788279","-104571.61609885024","-60650.70380784903"
"38","75","75","75","-86280.26444237647","-119666.37208803918","-57835.82482792781"
"39","77","77","77","-86799.22995306116","-109939.91723960802","-53012.30333320658"
"40","79","79","79","-79990.62352136665","-116438.83609910248","-41085.20461434297"
"41","81","81","81","-75514.25451523578","-102838.5545393826","-46179.21391407356"
"42","83","83","83","-66267.4538029251","-85480.5656647702","-23744.91988294587"
"43","85","85","85","-68982.93147182546","-88175.30171048477","-36155.79064895048"
"44","87","87","87","-61843.19113073242","-92318.52723131444","-37702.87743737493"
"45","89","89","89","-64019.700716059015","-93975.78479001705","-36614.56854816249"
"46","91","91","91","-54086.0984842718","-93239.18887512435","-523.8955854428378"
"47","93","93","93","-44465.581725256154","-109909.44023171297","-2314.088508413901"
"48","95","95","95","-47330.17011670418","-124940.97881107268","-1305.3185137936155"
"49","97","97","97","-51650.317652973674","-123650.85529997802","-256.35365745653434"
"50","99","99","99","-40992.09913467367","-84614.49202440292","-442.8277498267603"
"51","101","101","101","-45057.58361292445","-98943.65414313292","-753.4999633131388"
"52","103","103","103","-44218.908633634885","-74416.7723622731","-15115.518802397966"
"53","105","105","105","-45505.0827558138","-94714.93981745666","-6272.922145121784"
"54","107","107","107","-43390.38612329394","-92105.12705871504","-7388.9474889123785"
"55","109","109","109","-50393.16782002598","-102769.32465644015","-7310.133617765915"
"56","111","111","111","-51900.923590575636","-95670.83984490605","-4007.454660393883"
"57","113","113","113","-46779.672979773146","-87965.08468460727","-3372.9321643308544"
"58","115","115","115","-50375.22604391364","-89600.36762643652","-4553.135480116488"
"59","117","117","117","-52477.35529661955","-88956.557063941","-2327.687360834301"
"60","119","119","119","-49917.87557693349","-91465.49493345803","-1394.6447996219956"
"61","121","121","121","-47339.69009173676","-73625.91564416229","-626.8446557262871"
"62","123","123","123","-52162.72943362419","-78528.97538524104","-21340.385095316353"
"63","125","125","125","-53743.61606779401","-83074.44610439311","-3577.877133758986"
"64","127","127","127","-54389.11120331541","-89943.99952160651","-9021.817615692604"
"65","129","129","129","-68379.05024344363","-124300.02911172007","-16702.343007928866"
"66","131","131","131","-64700.735129726716","-92313.5530654495","-32815.89000264858"
"67","133","133","133","-75937.23362534195","-118317.21911624658","-11172.13049891844"
"68","135","135","135","-67746.09056072039","-110998.25590317161","-4849.073101554156"
"69","137","137","137","-55837.9726786616","-113028.06913006685","-6301.614821427435"
"70","139","139","139","-50396.29684307878","-112358.06024193378","-9039.75201477328"
"71","141","141","141","-45635.00886362848","-107846.10226986281","-12240.440742118482"
"72","143","143","143","-44104.00166249727","-97412.93131926506","-2454.1333182745475"
"73","145","145","145","-30972.099254184246","-71815.9094514789","-1680.940779701477"
"74","147","147","147","-37510.12613892678","-65274.08690671915","-3707.424555361867"
"75","149","149","149","-31746.94002017012","-60786.143248490385","-1023.3520929708036"
"76","151","151","151","-31094.79998626784","-50692.055508532634","-7541.228215666974"
"77","153","153","153","-39295.68203718177","-55433.98698178241","-21466.01112619523"
"78","155","155","155","-38806.06140967617","-62969.09887323919","-31681.807677838195"
"79","157","157","157","-39791.99369362205","-67419.78968787886","-18072.633505849903"
"80","159","159","159","-30487.664520340382","-80286.62042825617","-6263.560618898986"
"81","161","161","161","-37042.9208764941","-91634.75408015183","-7790.469217377723"
"82","163","163","163","-25417.83633172465","-74443.42248037625","-2012.0437579126083"
"83","165","165","165","-36549.347839653594","-88839.35054867344","-745.7422682562612"
"84","167","167","167","-36779.79701048602","-89300.99638999274","-701.1668335879838"
"85","169","169","169","-38716.87369354689","-81470.49675342844","-1421.6248641281156"
"86","171","171","171","-40761.55496884691","-78998.94959967429","-2290.7772824409435"
"87","173","173","173","-30264.704819890798","-73962.6011371864","-2582.289986255171"
"88","175","175","175","-29975.872302064166","-79972.49955040254","-1348.955575395832"
"89","177","177","177","-32980.51355002808","-75870.76038708497","-2284.9105054345528"
"90","179","179","179","-34774.425649699006","-78742.52674568522","-2704.2032220828964"
"91","181","181","181","-39855.2012829601","-95052.7986174101","-2988.558503222997"
"92","183","183","183","-38082.31837411753","-108722.84163631349","-6508.938296581137"
"93","185","185","185","-42440.08300486639","-106777.55860844639","-5192.575492768931"
"94","187","187","187","-47697.12348815293","-123214.61262083825","-4586.653585364695"
"95","189","189","189","-46234.75062437097","-115069.10123796112","-4172.998896050031"
"96","191","191","191","-44967.95913191698","-123469.98913334296","-1435.1488283887961"
"97","193","193","193","-46607.65555601278","-108185.83360654257","-2006.6959762728447"
"98","195","195","195","-45702.28242718552","-114253.59997836276","-1929.5142353690483"
"99","197","197","197","-46027.32882905887","-113198.04419564112","-1909.4946627518807"
"100","199","199","199","-50853.10551673824","-106848.87653668747","-1188.2471401417613"
"101","201","201","201","-54271.67246857499","-119540.52274899805","-474.9482691389491"
"102","203","203","203","-63085.65344218861","-122399.6289059788","-329.00175963361266"
"103","205","205","205","-47761.48219944886","-116884.77722881535","-1172.0654102791757"
"104","207","207","207","-49081.08824057634","-123878.69918091751","-1970.0003185533951"
"105","209","209","209","-49769.84496997643","-112946.66936239782","-2475.295131953284"
"106","211","211","211","-50251.1651131462","-120548.10330097227","-2054.8756770089662"
"107","213","213","213","-39872.982355980996","-106907.9591356714","-1671.6997241400825"
"108","215","215","215","-38711.68770455094","-93105.86645784497","-3144.1376686194562"
"109","217","217","217","-37362.87734261217","-91885.72605155683","-3536.062807506654"
"110","219","219","219","-35267.04567357576","-95361.82237067663","-2494.2373049647545"
"111","221","221","221","-36406.61901470955","-98564.18420058112","-2795.4862037160783"
"112","223","223","223","-23845.204522058106","-93005.39776509332","-1412.217129666506"
"113","225","225","225","-19637.472705069962","-88118.8386146817","-1238.9724434122056"
"114","227","227","227","-22855.73342538639","-95269.88285761335","-2149.692968152922"
"115","229","229","229","-19104.266832895373","-87158.15322111468","-1041.8739299794038"
"116","231","231","231","-16771.030117030037","-71789.21600212531","-831.7675689963594"
"117","233","233","233","-10652.865851087421","-42967.80793195045","-787.7724200487545"
"118","235","235","235","-10965.439540881349","-41038.963973898644","-967.1421856642138"
"119","237","237","237","-11067.08054703246","-43095.30599768318","-1816.6291825948565"
"120","239","239","239","-9860.974070304424","-39581.24507598659","-662.4840771260432"
"121","241","241","241","-13838.593045665966","-52420.832730574904","-1226.8381782772396"
"122","243","243","243","-15063.340312663888","-43437.96277404829","-186.93190388478644"
"123","245","245","245","-16299.232003670364","-52727.78344289619","-309.4935277823303"
"124","247","247","247","-18838.4696606937","-54803.488578705386","-357.60124450196054"
"125","249","249","249","-17953.524590904926","-45304.98593825018","-383.3925426095677"
"126","251","251","251","-19119.378229070622","-43436.1271043565","-663.9828289932884"
"127","253","253","253","-11077.707003615978","-37232.93325840029","-1361.6696738695325"
"128","255","255","255","-9569.365584144223","-26602.853047643723","-1932.2950801903478"
"129","257","257","257","-8004.563121374451","-20107.805550751404","-1559.8041561400673"
"130","259","259","259","-2039.6740402679832","-5653.459031421422","-657.8133347911771"
"131","261","261","261","-17100.362815089946","-54326.430118426986","-808.9055204087612"
"132","263","263","263","-11061.510356128516","-46471.58171515916","-605.6389381726829"
"133","265","265","265","-1813.8328818845907","-3603.2889288867123","-446.5858921871093"
"134","267","267","267","-4013.1364251951063","-7572.127148993262","-1327.0366854281294"
"135","269","269","269","-6215.780383719955","-16657.448208605245","-1827.6354248335779"
"136","271","271","271","-7819.234592223302","-18144.25577657496","-2498.3610427235562"
"137","273","273","273","-14807.498108708","-50997.1292334272","-1251.4976847364107"
"138","275","275","275","-22707.780884273863","-95600.65384768561","-601.5684715821958"
"139","277","277","277","-15012.460732460258","-61164.74241528989","-875.9606081369574"
"140","279","279","279","-12380.623588786242","-37798.91515220257","-639.4267874468525"
"141","281","281","281","-12722.12743889468","-43523.29827709911","-666.0605544010884"
"142","283","283","283","-19110.032646606232","-64021.20454056547","-3145.5000747047584"
"143","285","285","285","-12751.39743434687","-43199.25204360422","-2026.7953468767084"
"144","287","287","287","-8076.101016908846","-23235.20695814151","-1369.0695131555979"
"145","289","289","289","-7275.418736669711","-18195.46072929188","-1153.334081657407"
"146","291","291","291","-6532.111398037325","-15658.009782750687","-2822.020032567883"
"147","293","293","293","-4932.2927633220625","-8533.160147744402","-1489.4104927096091"
"148","295","295","295","-6092.50684334837","-8852.988220722149","-3004.902593065249"
"149","297","297","297","-4500.665471655704","-8175.093386926871","-1768.5332466780062"
"150","299","299","299","-5841.461851407035","-10334.626302405288","-772.3101734841954"
"151","301","301","301","-4759.254056957522","-10086.418054552438","-1241.2789831204577"
"152","303","303","303","-4468.249990450006","-9639.800490397176","-1054.4058101008657"
"153","305","305","305","-4095.0197294705404","-7608.5712170561055","-1061.8745000970562"
"154","307","307","307","-3664.6094962731886","-6332.187232054878","-1510.3953403409919"
"155","309","309","309","-4414.440417534805","-6857.182852870946","-703.7771582861715"
"156","311","311","311","-4040.7693480975854","-7819.579557009044","-1961.6359112248117"
"157","313","313","313","-4071.190893156684","-7817.851924061681","-1296.4286557964638"
"158","315","315","315","-4110.284037511769","-8787.364342423647","-666.4373744823412"
"159","317","317","317","-6960.932990527163","-12869.357226380971","-1041.9652069986703"
"160","319","319","319","-3296.581546290295","-6654.037228055441","-1222.4829799158572"
"161","321","321","321","-8338.051408765366","-27799.573292823807","-1018.7649146208047"
"162","323","323","323","-5714.348026773609","-19223.866392786415","-1309.2380165947125"
"163","325","325","325","-2522.8070785700957","-5164.084771373092","-602.1328173150517"
"164","327","327","327","-3212.2997027284327","-5090.3407345363885","-567.6979329620525"
"165","329","329","329","-2503.5655917516883","-4087.921617472558","-928.1550029392926"
"166","331","331","331","-2366.1918091006764","-5856.2495765681215","-551.3917199891191"
"167","333","333","333","-2057.46510503409","-4067.134609139483","-581.5359619214207"
"168","335","335","335","-2018.5114736904245","-3865.1403375074083","-536.0085184399337"
"169","337","337","337","-2437.1753371613254","-5814.008387299554","-888.979135583384"
"170","339","339","339","-3163.6743003829406","-8551.502199394961","-516.9257911435274"
"171","341","341","341","-4659.538804433074","-10107.295728313915","-335.1050082963765"
"172","343","343","343","-4393.932980441221","-13208.851105146685","-588.2957389360841"
"173","345","345","345","-3361.7609366111005","-4149.142427180618","-1029.7064214607826"
"174","347","347","347","-2916.382982433307","-5598.576759797315","-232.22391150276752"
"175","349","349","349","-3626.7853247082467","-6570.336704928149","-139.95631489001826"
"176","351","351","351","-3619.603665144203","-8304.598829058414","-403.13380301765545"
"177","353","353","353","-3128.963516327425","-5424.522305962973","-458.81107237136905"
"178","355","355","355","-3216.211770847092","-4907.203281191186","-304.3624075262146"
"179","357","357","357","-3062.9810091033332","-6918.750814201462","-419.3874313549594"
"180","359","359","359","-4287.1912476980815","-9401.447852345676","-280.67648420110265"
"181","361","361","361","-3718.7134558062303","-9479.192420132638","-192.41831682419703"
"182","363","363","363","-3191.7065836197344","-6295.338279989126","-676.9226374129929"
"183","365","365","365","-4157.346263929789","-8636.205950790969","-832.0375331690434"
"184","367","367","367","-8734.73856653842","-19959.94514274917","-1116.809501078319"
"185","369","369","369","-14666.125114749415","-59219.73838811192","-379.8577653713418"
"186","371","371","371","-5528.0752682979555","-15469.447147543113","-816.6863128476616"
"187","373","373","373","-3016.481358045602","-6675.354872599784","-1212.3616663803184"
"188","375","375","375","-8342.041085154426","-27421.38095420046","-1916.3188574672822"
"189","377","377","377","-4157.228012820349","-11360.756131024955","-1467.033476292519"
"190","379","379","379","-7158.251568128084","-25013.755621165245","-1013.3936526993205"
"191","381","381","381","-6861.9367982215945","-19526.651233851717","-1269.485482628865"
"192","383","383","383","-12341.285077764227","-46730.13314055713","-1352.4457946315301"
"193","385","385","385","-12385.011852309095","-52069.038405332765","-896.5640144536378"
"194","387","387","387","-11854.386798999418","-50862.87983092479","-875.7728886282838"
"195","389","389","389","-9018.656248961463","-39020.438263997275","-1064.9706654134395"
"196","391","391","391","-6885.698533146181","-27519.206863348845","-1247.6776191455665"
"197","393","393","393","-7460.094413505501","-26128.698331757936","-1402.5206417418258"
"198","395","395","395","-2485.5371357296226","-4945.428868025435","-1133.7031611695215"
"199","397","397","397","-2460.5730224002173","-5340.358625842734","-1077.2949005907249"
"200","399","399","399","-2109.902982942798","-3096.8443274648366","-1241.0160540712445"
"201","401","401","401","-3637.349513138429","-9484.687443962304","-1019.2181103678112"
"202","403","403","403","-2285.1934290839517","-4317.140990769898","-585.8071289010627"
"203","405","405","405","-2533.3695113499807","-5165.336340268575","-1277.4459991809995"
"204","407","407","407","-3827.14527390485","-5792.37470686438","-1537.7356297485162"
"205","409","409","409","-3476.4190829612294","-7390.938532620357","-913.4026191742887"
"206","411","411","411","-5702.752503161155","-11817.396025869435","-764.7934879941043"
"207","413","413","413","-5499.244642792823","-11858.695070446345","-992.3381049775495"
"208","415","415","415","-4663.812957437336","-9671.59190891113","-777.3746004467394"
"209","417","417","417","-4804.13237597055","-11820.175711583008","-501.1537368428101"
"210","419","419","419","-5380.275241000898","-16373.79453399695","-630.1775911524397"
"211","421","421","421","-6058.681567410665","-18672.552000221323","-789.784337881903"
"212","423","423","423","-5594.759822698228","-18673.79254131865","-566.2139110255164"
"213","425","425","425","-5818.476662614922","-17212.83172994425","-1148.8991813957782"
"214","427","427","427","-4743.604924256227","-14308.52016749517","-96.64100180970318"
"215","429","429","429","-3386.747842732414","-7577.634581686877","-463.71559617485053"
"216","431","431","431","-2053.310659284868","-4778.805248928904","-377.1270583010211"
"217","433","433","433","-2610.704324356627","-5169.853431042911","-408.34290544493916"
"218","435","435","435","-1902.5953234341473","-3346.948602921883","-493.0508924176446"
"219","437","437","437","-1426.7991926338448","-2668.198369133033","-151.6652892227525"
"220","439","439","439","-1353.2461797966257","-2269.7960559759285","-609.1394641428669"
"221","441","441","441","-1181.8572322473215","-1784.842932136727","-465.87707270105193"
"222","443","443","443","-1435.7570540289573","-2979.4467888415293","-402.87011820232567"
"223","445","445","445","-1379.2340698194516","-2369.7470351035354","-345.6064972251356"
"224","447","447","447","-1620.5121334476248","-2747.0676957723417","-627.7695630132063"
"225","449","449","449","-1615.0477199292136","-3535.160779507266","-581.0409987082005"
"226","451","451","451","-827.6196488354192","-1833.6063555668889","-325.5286743369768"
"227","453","453","453","-1544.00255462412","-2707.8903992568257","-513.5324837899011"
"228","455","455","455","-1508.9145124445772","-2992.066237932267","-319.0227217402796"
"229","457","457","457","-1772.4728590337604","-4123.362686819388","-454.8064793788422"
"230","459","459","459","-1970.0358979850796","-4121.803976089583","-658.2590920872975"
"231","461","461","461","-1915.4714924039777","-3922.348318821148","-484.75418050268974"
"232","463","463","463","-1571.3707551431555","-4237.150668336695","-434.14369752335534"
"233","465","465","465","-1396.6725023203157","-3512.386272153599","-264.68003902689156"
"234","467","467","467","-1787.7061450411427","-4285.068398583135","-417.63339018942986"
"235","469","469","469","-1497.3028381144825","-3721.083325995171","-446.30362794794013"
"236","471","471","471","-1828.0468388118534","-3323.7655931219806","-1057.4629521355735"
"237","473","473","473","-1795.2294921104847","-3428.537327337751","-803.0752322870223"
"238","475","475","475","-2042.1770231963121","-2941.118393203441","-1476.532735883114"
"239","477","477","477","-1907.3759235709258","-3511.5390639865172","-761.0370228622102"
"240","479","479","479","-2012.1010281703643","-3340.678577322833","-1331.462718657615"
"241","481","481","481","-1663.7848647535848","-2226.4464709466965","-782.8414470577408"
"242","483","483","483","-4699.908899543788","-15384.259503027291","-707.297763810488"
"243","485","485","485","-1774.9348587505337","-3917.6981331835927","-357.2500379504702"
"244","487","487","487","-1344.633391540738","-2140.808518035791","-830.1247611712882"
"245","489","489","489","-1880.5527234866654","-2993.2890639493257","-742.9213422343018"
"246","491","491","491","-1868.245646302977","-3419.3823645264274","-643.9822867503433"
"247","493","493","493","-1359.1141288017423","-2227.2928233127113","-547.3990004749281"
"248","495","495","495","-1623.5763736945657","-3352.7727062256295","-921.4635247456534"
"249","497","497","497","-1219.9966507203444","-1968.914875654328","-472.1938302517244"
"250","499","499","499","-1323.333873507296","-3323.536350010312","-475.736082227417"
"251","501","501","501","-1174.5364158703194","-2245.1343725972292","-562.0244386319383"
"252","503","503","503","-1233.8550070049569","-3097.804201540997","-421.7428680729139"
"253","505","505","505","-1240.8091058724035","-2296.328885330904","-243.13118954355113"
"254","507","507","507","-1465.0717545231848","-3006.327443998406","-277.43861372214803"
"255","509","509","509","-2379.6498954473327","-4281.211427984148","-841.6487292874759"
"256","511","511","511","-2426.361299263039","-4939.511577611557","-229.73894690976587"
"257","513","513","513","-1776.7177837154736","-3393.1652571824106","-548.5166692314739"
"258","515","515","515","-2504.699955736434","-6401.213844439404","-414.2784527766396"
"259","517","517","517","-2409.393033283142","-5559.912408817812","-476.70078112658973"
"260","519","519","519","-3067.8539980801825","-6283.949186151982","-718.4440848730486"
"261","521","521","521","-2634.5117005026973","-5748.695150057831","-165.28427631204357"
"262","523","523","523","-2636.959705024378","-5637.736529471974","-262.6330945317363"
"263","525","525","525","-3129.0191006593714","-6586.448393420899","-459.9616190223766"
"264","527","527","527","-2705.0015919478947","-7716.9875406742885","-715.3016973673303"
"265","529","529","529","-1652.7823052596518","-3647.3456933613384","-462.839982287892"
"266","531","531","531","-1122.0649795350623","-2525.4984354927515","-371.40008730305027"
"267","533","533","533","-1561.6421675917934","-2913.383372417161","-636.2558196816556"
"268","535","535","535","-1459.7228675421454","-3290.926574998463","-215.60039921048346"
"269","537","537","537","-962.4227344335198","-2308.8817698941084","-315.5072063964937"
"270","539","539","539","-1719.2043536455371","-4269.058118821895","-355.21113383964087"
"271","541","541","541","-1053.1659262968765","-2564.95774037042","-325.6760104760746"
"272","543","543","543","-1230.6979942772882","-1974.2913097374026","-357.0841400128331"
"273","545","545","545","-2022.7121241909172","-4092.237485639148","-901.9599226845996"
"274","547","547","547","-1739.2623298675219","-2779.055788423607","-371.44040046987936"
"275","549","549","549","-1790.7276935655277","-2904.5310647952847","-525.836350863526"
"276","551","551","551","-1933.4179030028222","-3453.865778820752","-134.71014685637897"
"277","553","553","553","-2012.1499224687304","-3276.589108975643","-458.03372108841756"
"278","555","555","555","-1761.571229023175","-2453.6393028498237","-492.0924862383908"
"279","557","557","557","-1896.8179650332781","-3270.630957511615","-764.8275061434089"
"280","559","559","559","-2412.842630981152","-3535.708614891868","-791.0619895453381"
"281","561","561","561","-2157.2796373765987","-3919.257757554471","-534.655403921691"
"282","563","563","563","-2379.717541133561","-3942.9387768629786","-914.8958532588368"
"283","565","565","565","-2371.095134274896","-2894.165346547281","-879.4081057350882"
"284","567","567","567","-2753.036158651567","-3609.0256114536433","-2208.787231009093"
"285","569","569","569","-2876.77552722028","-3746.116023455805","-1938.1895595409346"
"286","571","571","571","-2474.4222361452703","-3679.501452174432","-1826.0529638613823"
"287","573","573","573","-2110.9132443273256","-3332.029064222704","-915.5945871042945"
"288","575","575","575","-2422.488643783286","-3969.558146720678","-1549.7498346912937"
"289","577","577","577","-2468.0817648919506","-4147.1484730868515","-1121.7962375561024"
"290","579","579","579","-2093.7205722437675","-3692.6681366766834","-521.7960850382467"
"291","581","581","581","-1609.2650077498197","-3551.4990281389773","-164.1744203292757"
"292","583","583","583","-1000.7091759421968","-2516.8931368512126","-71.79923329980126"
"293","585","585","585","-1289.1092174987039","-2504.9032015451253","-207.33067423321117"
"294","587","587","587","-1054.924607941873","-2172.8015468715325","-396.9849578076799"
"295","589","589","589","-1407.5960834067967","-4585.433881466562","-151.41317182338878"
"296","591","591","591","-1701.4665867958452","-4473.876124576721","-365.0503421691551"
"297","593","593","593","-1404.2192229065572","-3297.18177998509","-98.88877032559547"
"298","595","595","595","-842.7888708103044","-1565.0511682810716","-37.869624506899974"
"299","597","597","597","-1062.3270583825147","-2360.4760531758666","-167.97578466014087"
"300","599","599","599","-1139.933890596797","-2508.075424840111","-187.80283829406392"
"301","601","601","601","-871.0337832456047","-1649.0168889200372","-199.09389082206638"
"302","603","603","603","-714.5628808024846","-1573.0170781987351","-148.2151257657244"
"303","605","605","605","-768.8928208515562","-2249.1652097701217","-125.26465073044045"
"304","607","607","607","-1168.3087394057143","-2412.889291644404","-199.9293501686999"
"305","609","609","609","-686.4127841889222","-1413.5150302214538","-156.8513189001253"
"306","611","611","611","-617.0931794067676","-1606.2906176955255","-211.55922339556875"
"307","613","613","613","-954.0547989002689","-2510.94952462038","-183.92644120396335"
"308","615","615","615","-1508.3209830011997","-3650.710618048367","-164.77007173754075"
"309","617","617","617","-1311.6860723039947","-3306.04333712764","-213.05406091679254"
"310","619","619","619","-1838.4549548127288","-3223.8374957091273","-590.4970540735759"
"311","621","621","621","-1776.9542827064186","-4851.627605201983","-175.53290118005287"
"312","623","623","623","-1479.6388287215636","-3397.082442186915","-163.98306500940964"
"313","625","625","625","-1460.804751455856","-3287.4052483731457","-164.5062883139122"
"314","627","627","627","-1610.6453920679173","-4248.502431012271","-118.49637943813566"
"315","629","629","629","-1754.5213541956116","-5161.489904653967","-341.5539890199927"
"316","631","631","631","-1602.8215013086924","-5320.800963632377","-281.3760837252773"
"317","633","633","633","-1865.48604228984","-5099.85831173164","-626.8096650866618"
"318","635","635","635","-2049.766711309903","-5895.577951300893","-614.80905915433"
"319","637","637","637","-1445.865201328766","-3722.9006632554597","-440.5113035149715"
"320","639","639","639","-879.4783727712278","-1524.2482742441941","-380.7743795944375"
"321","641","641","641","-1617.7560638948744","-4806.959910972295","-406.34116329264646"
"322","643","643","643","-1455.2120228317278","-4130.966501394184","-413.29381350407454"
"323","645","645","645","-1010.4417291643819","-3198.473360011232","-235.69317347649695"
"324","647","647","647","-1731.9619056002853","-6077.798602172054","-209.25097802039994"
"325","649","649","649","-1701.4190936985046","-5772.469569730131","-245.83739413876867"
"326","651","651","651","-1800.3008004493763","-3401.5607346623533","-151.63813875482137"
"327","653","653","653","-1628.8618481825986","-5655.571490490514","-325.98381443644337"
"328","655","655","655","-1706.38791835873","-4954.779717273134","-245.45750175918218"
"329","657","657","657","-1692.9781713615794","-3646.1932787247506","-299.75953723766537"
"330","659","659","659","-1438.7912639195729","-2686.3679584961824","-446.96275033399644"
"331","661","661","661","-1452.3939132287808","-2446.4426184689046","-503.46787297118857"
"332","663","663","663","-1554.9212056354354","-3283.1792685796086","-685.4979611315258"
"333","665","665","665","-1455.8389240532242","-2790.040283851564","-853.6650733732453"
"334","667","667","667","-1443.627788800131","-2894.065681004404","-773.6310454135208"
"335","669","669","669","-1041.343122393224","-1405.684468883267","-701.8552291883309"
"336","671","671","671","-781.6021170742107","-1062.486649142072","-575.5952938803016"
"337","673","673","673","-1029.8149363155928","-1716.91750197864","-411.80450162342663"
"338","675","675","675","-848.9575901433334","-1116.2513135865515","-604.417763234723"
"339","677","677","677","-774.501306761404","-1420.9943588600913","-359.2422652326159"
"340","679","679","679","-1106.479511880138","-2137.097305337205","-237.8318269072105"
"341","681","681","681","-872.4037114029392","-1843.3109294604976","-326.91608153339246"
"342","683","683","683","-714.7851003983834","-1214.417370737926","-259.0384192852698"
"343","685","685","685","-995.375576230476","-1423.875241243246","-351.04614334580793"
"344","687","687","687","-633.9591409767834","-1799.018957857927","-207.32411127028098"
"345","689","689","689","-1204.3680050528478","-2840.952817780555","-315.7179677289781"
"346","691","691","691","-969.811485412241","-2704.6595042146005","-165.4508325978791"
"347","693","693","693","-2238.0167322891093","-6379.086030024349","-204.08629936133457"
"348","695","695","695","-1222.293486463584","-2259.307798550481","-315.3940627874333"
"349","697","697","697","-1025.1713991007532","-2362.917682646909","-200.40663732363888"
"350","699","699","699","-1155.2865774674076","-2170.7338019267218","-357.1134571962315"
"351","701","701","701","-1549.4696176421955","-3778.4828205169356","-302.611039907143"
"352","703","703","703","-1557.6635486581577","-2388.5555887805813","-432.3420463472381"
"353","705","705","705","-1336.6947311731838","-2087.359557702444","-513.1695205534998"
"354","707","707","707","-1109.0363885406332","-3253.647135779949","-238.94117844191203"
"355","709","709","709","-970.8281564024568","-1651.4674525005182","-265.00908830733636"
"356","711","711","711","-1133.870830597766","-2112.7224591007343","-621.8582765605111"
"357","713","713","713","-1445.4969389329283","-3313.215646869082","-278.82881565459854"
"358","715","715","715","-1389.7492125659314","-2874.1296094578693","-591.8947881943066"
"359","717","717","717","-1448.823646986553","-3015.118606011156","-199.19915610659413"
"360","719","719","719","-1342.315509628241","-2513.8011921452553","-226.01901368522468"
"361","721","721","721","-1587.2176034411946","-2384.738004714239","-484.2003609871369"
"362","723","723","723","-1370.9563697009921","-2570.8975203736386","-522.1585783193343"
"363","725","725","725","-1205.949740174353","-2168.738697544867","-510.65707633758814"
"364","727","727","727","-1274.4378254676942","-2336.909473860164","-355.5273071536051"
"365","729","729","729","-1208.5535885864742","-1765.7204506137737","-413.7620518440902"
"366","731","731","731","-1121.3052582567511","-1512.0514940385942","-625.7846259515516"
"367","733","733","733","-1064.12482212454","-1867.279549181593","-456.31759317972967"
"368","735","735","735","-1043.511594340952","-1289.2940340627342","-351.3829333320639"
"369","737","737","737","-808.9744863155788","-1659.168242117571","-418.87754684000015"
"370","739","739","739","-968.3831905358873","-1313.2812585902477","-431.3956767988388"
"371","741","741","741","-1184.348083437881","-1536.7362357149698","-804.2630680768299"
"372","743","743","743","-1212.6113543906522","-1752.2084852420232","-323.4385813517335"
"373","745","745","745","-1853.1315263734864","-3203.5309109101895","-299.0855238543134"
"374","747","747","747","-1324.3294520594304","-2485.635038429887","-196.32023530880645"
"375","749","749","749","-2161.7585524227093","-6418.156703001178","-696.9277149302145"
"376","751","751","751","-3553.1401780563147","-8849.198017658979","-751.2421913968113"
"377","753","753","753","-1136.4088579192799","-2117.7157733229246","-456.96890946327574"
"378","755","755","755","-1769.391303966428","-4813.0600531171885","-570.5518014713513"
"379","757","757","757","-1391.8296871404573","-4028.224632941449","-165.5702332302913"
"380","759","759","759","-1132.2841099273028","-2567.674765060375","-116.49734569985367"
"381","761","761","761","-1736.3564478453725","-3663.519009389551","-71.15551760948246"
"382","763","763","763","-1374.5434041662065","-3148.688674387691","-211.68582407172295"
"383","765","765","765","-931.9711499442956","-1802.8832179298956","-150.49958333876688"
"384","767","767","767","-972.9143086055353","-2050.0300666376243","-352.0068427452454"
"385","769","769","769","-1094.8022624016749","-2201.639366636502","-469.1137494850671"
"386","771","771","771","-703.8559578337836","-1022.3696797506107","-386.933033208608"
"387","773","773","773","-704.1511301608125","-1103.1896360377618","-322.9807892159565"
"388","775","775","775","-507.24579082377124","-856.1401421600362","-210.06155318481615"
"389","777","777","777","-745.8146849263587","-1379.1364807897594","-134.98030580797771"
"390","779","779","779","-840.0168361477896","-1310.3432676522484","-514.4190388264813"
"391","781","781","781","-519.2678418211624","-1119.0501398971944","-161.34687857046333"
"392","783","783","783","-787.8630099393629","-1013.9121736925773","-349.1937456084062"
"393","785","785","785","-745.4031550765206","-1090.3760373311834","-275.30878030516624"
"394","787","787","787","-716.8562677054333","-1422.5118094328052","-202.19974214019095"
"395","789","789","789","-928.9315387283708","-1104.1449138419084","-837.2484995680119"
"396","791","791","791","-1100.0824808282084","-1841.2108078637","-419.7301727312938"
"397","793","793","793","-737.6251679617745","-965.8291438398759","-419.40054615352614"
"398","795","795","795","-682.1735121559485","-829.3362237133684","-419.2838188045178"
"399","797","797","797","-937.6833796723282","-1358.4881384810067","-253.31291851392822"
"400","799","799","799","-780.3059530997954","-1098.5980921710461","-329.8469054723622"
"401","801","801","801","-788.3411871121183","-1192.5218000340356","-312.66248470416804"
"402","803","803","803","-744.1775124180629","-1384.212852248388","-381.4659198721471"
"403","805","805","805","-915.651779305908","-1315.6921961579594","-518.8549742943105"
"404","807","807","807","-894.7815819256712","-2107.1793153986227","-269.79256635808355"
"405","809","809","809","-1075.3055315824572","-2280.2605621211374","-589.5746343202859"
"406","811","811","811","-1342.887986017343","-2286.596743769379","-427.9017501440755"
"407","813","813","813","-1268.3599270296263","-3316.6891754639473","-455.7049949332438"
"408","815","815","815","-1063.6876396115194","-2029.217331728906","-363.5577289678094"
"409","817","817","817","-1342.447225351919","-3327.2478968084797","-592.6992354414675"
"410","819","819","819","-1376.7223097199053","-1768.7460119606462","-940.271580963581"
"411","821","821","821","-1130.7039260001752","-1785.5935893962373","-210.1199536829026"
"412","823","823","823","-1407.521721624551","-3275.985758865416","-349.7242247758157"
"413","825","825","825","-1228.1959491949615","-2558.1160840293887","-593.8465538763246"
"414","827","827","827","-1094.0076373628042","-1509.9021928586565","-614.1993521019374"
"415","829","829","829","-1219.8044994030306","-2046.0828465383413","-454.4034073592236"
"416","831","831","831","-1166.6067174990742","-1789.6780189090882","-726.0157904842439"
"417","833","833","833","-1026.1574170102817","-1366.2994611870881","-844.4945602247025"
"418","835","835","835","-1040.3345491734083","-2004.8151951585573","-485.1976690305187"
"419","837","837","837","-827.1858832550488","-1441.1549664759916","-282.38908575386654"
"420","839","839","839","-851.7696204379912","-1361.9089741300788","-305.8433479095318"
"421","841","841","841","-1036.0399164062196","-1930.3210185068294","-298.297905526227"
"422","843","843","843","-3086.3709841467","-6316.657732953909","-607.6049791405869"
"423","845","845","845","-3434.617971005554","-12048.38947314195","-661.6042887858137"
"424","847","847","847","-1477.701619472091","-3164.886964779337","-783.5870727170383"
"425","849","849","849","-837.1138873656464","-1383.6735274918706","-194.1782133630313"
"426","851","851","851","-1045.8796586788835","-2479.7598679538632","-296.19063123446296"
"427","853","853","853","-1191.5537323484396","-3194.4504403834103","-124.73952509854388"
"428","855","855","855","-1433.5482597527532","-2407.410993936678","-913.0036094556101"
"429","857","857","857","-1458.2120221709108","-2313.870811885057","-713.6827711357896"
"430","859","859","859","-713.0210514244379","-899.6028622272605","-390.02973533755335"
"431","861","861","861","-720.2643903745608","-1052.5726914286247","-505.6887510172004"
"432","863","863","863","-652.3259227614152","-1193.6563733755493","-322.6071303892028"
"433","865","865","865","-699.1611006664891","-1677.3143022324184","-69.59448013964831"
"434","867","867","867","-779.9666261709892","-1687.9717943518892","-262.03814944627766"
"435","869","869","869","-966.0997875504712","-2260.6306923411717","-391.2262910374348"
"436","871","871","871","-850.5027401697629","-1697.376388935174","-126.14729663580482"
"437","873","873","873","-758.8656630171602","-1542.9745501467125","-74.68823171394175"
"438","875","875","875","-813.1738074107249","-1160.2879746887206","-515.2268214144935"
"439","877","877","877","-683.4148616056606","-1682.0250968324908","-255.04768965896452"
"440","879","879","879","-610.3456544418508","-1094.7058088164085","-333.71596279432435"
"441","881","881","881","-586.7980417472958","-1131.4106603703317","-106.7733202639199"
"442","883","883","883","-694.9816203207154","-968.2353263848911","-401.69902327236787"
"443","885","885","885","-732.9795750818861","-1229.91397146201","-336.4634269950837"
"444","887","887","887","-700.6340881609804","-1236.235725023514","-139.79497519315728"
"445","889","889","889","-857.8502618713703","-1534.8079082184572","-176.5407421389983"
"446","891","891","891","-899.6173196598345","-1596.1732898070557","-356.6856179416053"
"447","893","893","893","-818.5285800389092","-1219.4514626163489","-564.7380414047346"
"448","895","895","895","-755.9934886255684","-1363.0720713860137","-437.24387267000986"
"449","897","897","897","-652.7854309612462","-908.3495721908404","-277.4367302711628"
"450","899","899","899","-1338.9087148992592","-3938.3010868756674","-116.26671364195958"
"451","901","901","901","-1098.2169651788358","-2010.9477614287484","-444.1640669336119"
"452","903","903","903","-1225.9468877992963","-2194.489282204935","-524.8994899928001"
"453","905","905","905","-658.3496191159749","-1135.4714347182146","-375.4307441910145"
"454","907","907","907","-1105.6382849871875","-2211.4578517453224","-428.4715968922668"
"455","909","909","909","-694.8682339597665","-935.7867216143203","-446.3897337790515"
"456","911","911","911","-835.5599380329626","-1539.4583831423488","-146.19745558725432"
"457","913","913","913","-739.6119403794459","-1114.9169940563258","-218.49565040091588"
"458","915","915","915","-885.5908987194996","-1469.056262497629","-503.9378935867631"
"459","917","917","917","-805.3029047108877","-1557.5997833469157","-139.28530294956641"
"460","919","919","919","-1332.6041858647648","-2099.811610577333","-717.524324875493"
"461","921","921","921","-937.8170269777298","-1925.5458362789304","-136.95001453628205"
"462","923","923","923","-780.5672810832436","-2243.3671383053397","-142.19389375722238"
"463","925","925","925","-1198.3965132944572","-3545.8453179824987","-380.80385321146963"
"464","927","927","927","-1167.5747858429254","-2915.886287588655","-511.4102567446093"
"465","929","929","929","-1426.6736011381206","-3238.417017915866","-48.32858692407799"
"466","931","931","931","-914.348546398355","-2339.773568798332","-227.0295234833901"
"467","933","933","933","-1978.884312362817","-6030.416948788698","-284.45578116105264"
"468","935","935","935","-2642.464992015605","-8561.412977514017","-319.93425164760515"
"469","937","937","937","-2413.016375131082","-8496.902324851431","-545.4909367649957"
"470","939","939","939","-1785.3754557970635","-6462.398549805981","-415.0329543179795"
"471","941","941","941","-1521.4785834792706","-5265.307986642466","-159.95747509264837"
"472","943","943","943","-1622.4736821388542","-4940.127538161855","-497.6648725647656"
"473","945","945","945","-1604.976200732097","-3964.8521910515424","-307.0511212347582"
"474","947","947","947","-1333.297654050893","-3873.0954184953566","-285.2257564862163"
"475","949","949","949","-1500.8192313126583","-5144.3129966522665","-326.96362915287125"
"476","951","951","951","-1238.1863095950644","-4104.755908884181","-221.19715685675848"
"477","953","953","953","-1021.5594254590469","-2553.7842652861395","-274.26631637605914"
"478","955","955","955","-1116.0978762163295","-2911.107747684486","-406.9656806710762"
"479","957","957","957","-916.7007179521122","-1530.5475714158013","-324.4098957671786"
"480","959","959","959","-866.82815495316","-1427.847744962275","-380.6881160977122"
"481","961","961","961","-460.23420529003505","-773.1242712141977","-181.99209959961684"
"482","963","963","963","-675.9909404769838","-1202.3729835640277","-185.44622680728415"
"483","965","965","965","-989.1866988329624","-1552.6949651479597","-152.81126767638776"
"484","967","967","967","-759.9994451350505","-1264.772314510172","-102.6402869663061"
"485","969","969","969","-772.5097545323755","-1468.9800349642126","-108.67014586547911"
"486","971","971","971","-847.7495277462731","-1138.5121398411513","-145.33361658716063"
"487","973","973","973","-1021.5659813590339","-2063.980163013324","-323.7158997666458"
"488","975","975","975","-1356.2367138397726","-3062.1420887370614","-295.20078322392"
"489","977","977","977","-1338.1393504520659","-2071.1733151033204","-251.40501145228342"
"490","979","979","979","-1238.8630608819053","-2019.123124919414","-194.7651091447417"
"491","981","981","981","-1200.6010013181258","-2578.9242639284475","-155.74520494534707"
"492","983","983","983","-1099.0240949977992","-2443.260499187392","-501.2406627740316"
"493","985","985","985","-864.3798085877057","-1870.6143071726965","-84.33668787981696"
"494","987","987","987","-1092.719712951569","-1783.559375444106","-378.6194655827012"
"495","989","989","989","-1323.2760576872429","-3608.156839202365","-301.2145858441983"
"496","991","991","991","-955.7834450107109","-1610.816387818755","-135.66900460126638"
"497","993","993","993","-1224.7506940193489","-1807.4270065777957","-819.7580144709149"
"498","995","995","995","-588.0079704782903","-1232.590495326328","-300.7054224162322"
"499","997","997","997","-1020.9415086165433","-1590.8855966699211","-272.33912934913246"
"500","999","999","999","-812.3267162793205","-1179.1204726039862","-342.3049401006966"
"501","1001","1001","1001","-771.5689640445486","-1141.231162029155","-340.39240325927494"
"502","1003","1003","1003","-758.0124073018945","-1041.8532242026888","-383.4122497775417"
"503","1005","1005","1005","-869.9560381651663","-1173.193222904446","-398.2777831016078"
"504","1007","1007","1007","-1354.404252372807","-2874.2064649487793","-481.8675131972822"
"505","1009","1009","1009","-1152.0187355774146","-2036.67381850106","-375.65610447134605"
"506","1011","1011","1011","-926.7524529222995","-1238.606307299057","-650.6679013486043"
"507","1013","1013","1013","-1049.4230346013665","-2992.6274388905836","-300.51681862073843"
"508","1015","1015","1015","-704.975036796279","-1794.9140198707005","-195.58155145035485"
"509","1017","1017","1017","-1501.3226246323761","-3943.8490431604937","-434.2515070658496"
"510","1019","1019","1019","-1194.839533799181","-2194.6167900366454","-460.9657369224944"
"511","1021","1021","1021","-1054.3973346350772","-2240.0426741743936","-282.4162233321098"
"512","1023","1023","1023","-1380.534081782968","-2058.2299149419923","-720.5113382728434"
"513","1025","1025","1025","-1147.8775777629173","-1929.0311240381618","-317.2259566491119"
"514","1027","1027","1027","-1276.7877346686093","-2521.2994895013576","-264.86746891696293"
"515","1029","1029","1029","-2023.2093744034566","-4053.324945575871","-861.6684120628053"
"516","1031","1031","1031","-1613.1405019300234","-3093.8983699583537","-131.2601155357978"
"517","1033","1033","1033","-1302.8281967003127","-3023.1406822111403","-166.82835283732572"
"518","1035","1035","1035","-1184.7286196254286","-2990.368699044159","-240.78099667204305"
"519","1037","1037","1037","-1015.6829036391166","-2333.6906922214257","-392.7899299193896"
"520","1039","1039","1039","-1491.5931296777328","-4480.392882465049","-252.785820772216"
"521","1041","1041","1041","-1372.634994367714","-2874.999880839664","-538.6880421735347"
"522","1043","1043","1043","-1255.1457287415546","-2457.119021195933","-457.31518989932727"
"523","1045","1045","1045","-2347.7164598118097","-4409.500570376679","-1019.8085021111544"
"524","1047","1047","1047","-1170.7309585480957","-3632.062777803747","-276.44658328817815"
"525","1049","1049","1049","-579.8834784909737","-1639.1594988956044","-139.44034763250414"
"526","1051","1051","1051","-1119.5995350210633","-2673.690410200545","-120.12527777230693"
"527","1053","1053","1053","-1185.6778710996814","-2070.6598329049452","-127.94701244699272"
"528","1055","1055","1055","-998.3499056203916","-3185.4960015499423","-143.82474861310922"
"529","1057","1057","1057","-1029.012498584331","-2108.2801265057806","-181.7700479505491"
"530","1059","1059","1059","-1791.0047829633975","-3047.078243729368","-86.16919724919175"
"531","1061","1061","1061","-1371.3966658566153","-3985.5079806080466","-359.18421369054045"
"532","1063","1063","1063","-727.2522183318135","-1475.0578145454288","-133.92674746260406"
"533","1065","1065","1065","-555.6714617702621","-962.3626135052097","-290.90184477077565"
"534","1067","1067","1067","-1044.8043315792236","-1687.6394807701138","-119.23655846897782"
"535","1069","1069","1069","-1058.7547716884744","-2357.571441763011","-416.19182662212876"
"536","1071","1071","1071","-654.8043629142737","-1118.6212291872237","-165.99444654727418"
"537","1073","1073","1073","-746.0484981531175","-1869.8527134586468","-203.22829534226383"
"538","1075","1075","1075","-1009.1264741406148","-2515.296435343552","-143.10151558773998"
"539","1077","1077","1077","-523.7491972021693","-1694.686531440793","-102.81797386715489"
"540","1079","1079","1079","-736.6851038160626","-1656.7172254907737","-199.48335790866096"
"541","1081","1081","1081","-977.1150028432724","-1797.8650058905569","-300.94245003052765"
"542","1083","1083","1083","-614.067787319374","-1498.849602991754","-236.1912815621293"
"543","1085","1085","1085","-996.4205777833034","-2533.4810519050807","-323.0205286045407"
"544","1087","1087","1087","-619.5761379010565","-1077.6373161583977","-410.7929653966034"
"545","1089","1089","1089","-476.8842645501318","-832.7660191685425","-278.3755149412881"
"546","1091","1091","1091","-796.2657625219299","-1499.904035839699","-219.64035072866503"
"547","1093","1093","1093","-462.78970076254365","-827.4795351666368","-276.0178257629572"
"548","1095","1095","1095","-506.6089336987485","-561.5852492742137","-430.2375978457068"
"549","1097","1097","1097","-743.6235307852894","-1254.8388747681638","-342.1249416614193"
"550","1099","1099","1099","-597.1564063278496","-1281.769819271225","-197.19016341120073"
"551","1101","1101","1101","-551.889185163229","-1270.6111412822966","-129.63457636674732"
"552","1103","1103","1103","-791.5739053360849","-1102.7671118936787","-603.0643637904105"
"553","1105","1105","1105","-968.6779372697371","-1810.9686799916576","-608.1885350553077"
"554","1107","1107","1107","-854.8173648002461","-2569.25774861182","-168.71421194239176"
"555","1109","1109","1109","-687.7026523109641","-1183.9739700553846","-369.0933528027452"
"556","1111","1111","1111","-859.6885578689541","-2578.8792040984304","-139.22998425286158"
"557","1113","1113","1113","-624.0364002211129","-967.6363429040755","-219.4447489907904"
"558","1115","1115","1115","-670.9221402360006","-1271.9416503218686","-60.25286897114986"
"559","1117","1117","1117","-1074.2272148862644","-1780.920936020941","-686.3135944416512"
"560","1119","1119","1119","-609.988517936364","-985.7199390999461","-285.7778049988642"
"561","1121","1121","1121","-666.1898047101156","-869.1975904835427","-319.0700745593305"
"562","1123","1123","1123","-634.6204192227376","-1293.7092504651946","-292.7024589591941"
"563","1125","1125","1125","-984.4853791686062","-1651.2669258499748","-416.17286408300606"
"564","1127","1127","1127","-1074.2885269253918","-2190.7627343535355","-355.4023427427517"
"565","1129","1129","1129","-641.2526982651925","-1297.059080301492","-335.79652724950785"
"566","1131","1131","1131","-732.1016261708943","-1332.8430215407172","-280.09165680026774"
"567","1133","1133","1133","-778.5757859755134","-942.0687528190805","-497.9384708162049"
"568","1135","1135","1135","-885.8511157889227","-1220.3524917403354","-422.2067880732118"
"569","1137","1137","1137","-832.4468692780349","-1411.8499089337329","-467.69758551733827"
"570","1139","1139","1139","-1222.5292402712262","-2254.1221968039636","-642.7019016696095"
"571","1141","1141","1141","-1270.2917866163455","-3064.9235820857166","-372.74516070398715"
"572","1143","1143","1143","-1316.2586766608777","-2352.85269913746","-628.2444410401553"
"573","1145","1145","1145","-1078.2747602632476","-1459.1581371897744","-361.27524034655744"
"574","1147","1147","1147","-907.9806187352235","-1099.9889820895912","-602.2198006217941"
"575","1149","1149","1149","-1271.4795272202753","-2150.8429400490113","-853.5161129748036"
"576","1151","1151","1151","-1367.690141909329","-1813.5142420840089","-727.6099059997161"
"577","1153","1153","1153","-1255.5927799558397","-2486.593852483642","-587.0655944311195"
"578","1155","1155","1155","-1453.8893152790556","-2468.5315331108236","-680.8672298543618"
"579","1157","1157","1157","-1206.9970987340907","-2842.496743373904","-450.81758771598953"
"580","1159","1159","1159","-1369.3487214042648","-2004.8568583453223","-517.8441025648945"
"581","1161","1161","1161","-1107.2608374175475","-2128.961091821487","-337.688146373013"
"582","1163","1163","1163","-749.5918408144778","-1453.01928612153","-184.18552980477895"
"583","1165","1165","1165","-970.9816603086341","-2069.121640224083","-234.8704836202934"
"584","1167","1167","1167","-888.8375985286117","-1413.801250427045","-98.02092113636377"
"585","1169","1169","1169","-1208.1682712199201","-1933.0476923817926","-740.4375308547599"
"586","1171","1171","1171","-674.4577654848573","-1516.6647506042875","-145.17110787621496"
"587","1173","1173","1173","-657.6613328271663","-1325.0114867376087","-211.4205811468302"
"588","1175","1175","1175","-965.8699784619739","-1660.5045656306565","-194.7124909280464"
"589","1177","1177","1177","-714.7604467912827","-1164.4895456951488","-153.26512201025884"
"590","1179","1179","1179","-983.5499898315986","-1586.6221740480444","-640.5820975084051"
"591","1181","1181","1181","-975.2342169497422","-2367.2650027977943","-197.33089486510602"
"592","1183","1183","1183","-1027.1240011118184","-2152.8313282628214","-89.69783266050227"
"593","1185","1185","1185","-1102.0709670590927","-1501.6789425673012","-694.4672302286505"
"594","1187","1187","1187","-1098.704806018228","-2305.498393825662","-147.94806872819828"
"595","1189","1189","1189","-1203.9641663370069","-2510.895003613871","-318.9205295769016"
"596","1191","1191","1191","-1674.768676412823","-3396.962809035466","-385.77272358415166"
"597","1193","1193","1193","-1846.9978282834513","-3746.8408755761825","-826.6215081542529"
"598","1195","1195","1195","-1415.7858397328457","-4221.775582540073","-213.17668562920196"
"599","1197","1197","1197","-2586.613530547681","-5031.114610267364","-716.6990771969658"