"episode","Group: Train_Rewards_simple_spread_if_load_meta:0 - _step","Group: Train_Rewards_simple_spread_if_load_meta:0 - _step__MIN","Group: Train_Rewards_simple_spread_if_load_meta:0 - _step__MAX","Group: Train_Rewards_simple_spread_if_load_meta:0 - train_rewards","Group: Train_Rewards_simple_spread_if_load_meta:0 - train_rewards__MIN","Group: Train_Rewards_simple_spread_if_load_meta:0 - train_rewards__MAX"
"1","1","1","1","-815.8366489441984","-1159.7077928606868","-489.9005852789734"
"2","3","3","3","-637.809897774139","-874.0924759990246","-535.5801240834409"
"3","5","5","5","-738.0598731331158","-1116.6392430517633","-499.80046549825914"
"4","7","7","7","-818.3194303258279","-1490.0205475800358","-465.6103247644544"
"5","9","9","9","-2997.93264884136","-5000.567692756442","-717.9764096924042"
"6","11","11","11","-3919.088412055154","-6209.648347303966","-1419.4779912722613"
"7","13","13","13","-2400.446206666621","-4723.364790400578","-895.5813569399255"
"8","15","15","15","-2668.239940996441","-5058.813874772484","-1116.5417100839247"
"9","17","17","17","-1730.756773315536","-3131.3776995547823","-489.7108660642557"
"10","19","19","19","-1649.285351250357","-3740.2339854974275","-397.11947134649677"
"11","21","21","21","-1379.5014291740276","-2905.0240653220267","-394.39907528993706"
"12","23","23","23","-771.0077284874717","-1711.889974901757","-338.99288477652215"
"13","25","25","25","-757.366376007718","-1523.6462034009446","-365.5458509247668"
"14","27","27","27","-569.8309491795948","-1003.662694285764","-350.88991517249565"
"15","29","29","29","-559.3039493289926","-738.3497223584723","-477.27813000237995"
"16","31","31","31","-516.9800937970602","-603.929682874813","-427.38983974858354"
"17","33","33","33","-596.3732913367008","-886.461340027125","-356.81170240265226"
"18","35","35","35","-446.93027545886116","-616.7192634985588","-345.6925537655911"
"19","37","37","37","-475.3163856615196","-618.0659075542576","-369.0363647222697"
"20","39","39","39","-453.757862760208","-520.3831679789963","-383.7041733815437"
"21","41","41","41","-413.76890952718657","-630.8599254481958","-309.389318125109"
"22","43","43","43","-434.51626471301796","-573.2373982119854","-309.95144223548016"
"23","45","45","45","-427.29458754932375","-531.6641106434423","-343.06078934723564"
"24","47","47","47","-464.34881885052874","-532.3707976275637","-375.3357848714965"
"25","49","49","49","-420.3804555588493","-520.9729263413228","-306.3396109418175"
"26","51","51","51","-442.38524126927996","-554.3965424686129","-369.74419532876254"
"27","53","53","53","-427.27647892820335","-559.0765884671328","-276.18552638000807"
"28","55","55","55","-423.591339242763","-445.4300651458989","-402.29334625455846"
"29","57","57","57","-441.04275197396294","-553.5971305624485","-332.67321919230153"
"30","59","59","59","-408.386646386302","-474.59787951195784","-321.085627392312"
"31","61","61","61","-409.99340649167124","-488.9044564006384","-355.22905781676496"
"32","63","63","63","-436.4884042729668","-544.4306342900851","-319.3684677077047"
"33","65","65","65","-458.4459709745095","-556.0550611288622","-350.718249197423"
"34","67","67","67","-414.21523753882394","-481.7824920617982","-357.61721382015634"
"35","69","69","69","-451.0511566134064","-567.0595790437343","-289.89692851344404"
"36","71","71","71","-391.6933747839295","-431.82070819826174","-339.2506642808262"
"37","73","73","73","-440.3305283910584","-699.2836208778581","-272.52271832828393"
"38","75","75","75","-486.20109646325074","-577.118068429485","-418.225276597288"
"39","77","77","77","-409.3680351083022","-463.6209360410942","-323.8271067776496"
"40","79","79","79","-450.2614883658016","-573.2799606069477","-327.9142105931481"
"41","81","81","81","-441.74107448508505","-497.72887368640437","-320.0584834179967"
"42","83","83","83","-506.17232988125613","-574.2715342266704","-413.18962387928764"
"43","85","85","85","-396.3379414424978","-574.1100948956954","-300.8308954363392"
"44","87","87","87","-344.40709031040404","-394.53264440827235","-262.85046459538654"
"45","89","89","89","-474.4952489582453","-617.1492085368142","-337.20396639977645"
"46","91","91","91","-353.6341492624562","-426.6979521856879","-257.16542360074084"
"47","93","93","93","-453.4726636547157","-607.488260828693","-347.4787674728409"
"48","95","95","95","-461.3542097131566","-514.0569520180705","-400.47825166866124"
"49","97","97","97","-414.4759353683759","-510.51676088678056","-296.8282186023303"
"50","99","99","99","-471.1918388908671","-547.6533482634516","-370.3237435915259"
"51","101","101","101","-403.3283840161416","-494.12995900354747","-309.65292439315095"
"52","103","103","103","-368.40856736887736","-457.4633187187974","-317.31011423971347"
"53","105","105","105","-438.8983493025583","-616.7376335160026","-274.28448292049296"
"54","107","107","107","-393.28208169305174","-435.78818407854965","-349.14335379106603"
"55","109","109","109","-452.89373073162113","-630.74487024636","-389.0546409536195"
"56","111","111","111","-480.4038003115026","-608.6956084225206","-417.69317188274266"
"57","113","113","113","-449.37437098139833","-587.7270159060979","-363.08465528841845"
"58","115","115","115","-432.9649476548112","-474.03743383786485","-375.1601767795672"
"59","117","117","117","-491.46368241275223","-562.3729609208115","-369.4674909996725"
"60","119","119","119","-420.30240617766015","-500.8697502140045","-288.7298874123726"
"61","121","121","121","-435.8210293690375","-498.06131555360577","-364.5643160355539"
"62","123","123","123","-416.3558764094685","-507.41882588703714","-338.84029883983084"
"63","125","125","125","-404.4910148131403","-541.924140038488","-300.153040192835"
"64","127","127","127","-416.2030554726747","-563.7765328444151","-304.09846117588074"
"65","129","129","129","-386.32709367416646","-480.8553402238673","-286.2002929444088"
"66","131","131","131","-424.79959595522666","-508.6878081666501","-352.377949945594"
"67","133","133","133","-471.2280082096525","-602.3232437404054","-321.7581450838645"
"68","135","135","135","-465.38753840577044","-597.4634345711385","-359.9793762280085"
"69","137","137","137","-413.4901928487755","-819.0861968855663","-266.6589732180623"
"70","139","139","139","-415.9811582615721","-556.0268188156898","-286.5742361574266"
"71","141","141","141","-393.1447613537185","-544.5189017304605","-303.24751309826485"
"72","143","143","143","-622.4802308323436","-1232.9756168863976","-374.2838242298949"
"73","145","145","145","-399.5382667158507","-526.9767778334868","-339.83367487169045"
"74","147","147","147","-505.17942548506034","-802.5364351772894","-351.7105187944526"
"75","149","149","149","-467.9182980077256","-589.1487524082243","-341.52509010881226"
"76","151","151","151","-389.69885872901455","-519.7167496905719","-330.4521169371969"
"77","153","153","153","-472.19360281942136","-626.7743939420676","-386.9748319994515"
"78","155","155","155","-453.53097267269584","-560.6864656708349","-343.57116565756996"
"79","157","157","157","-431.9974237043128","-550.854803846824","-300.6476360888091"
"80","159","159","159","-372.0653803321658","-491.3155899700863","-305.1774773111315"
"81","161","161","161","-390.93055703406907","-545.9043396821219","-306.6096468266309"
"82","163","163","163","-405.4367169388209","-463.25261521980684","-298.40714082728556"
"83","165","165","165","-370.1596904088014","-484.2220441423656","-314.2132242469748"
"84","167","167","167","-383.94444836161983","-582.0122963449485","-300.79086448182113"
"85","169","169","169","-403.1895089470877","-455.36570868389515","-376.2122369919748"
"86","171","171","171","-448.4608211909881","-526.0851813256526","-340.03081711475295"
"87","173","173","173","-416.16993310268356","-513.5644284117628","-352.92072496407786"
"88","175","175","175","-473.2127586276014","-552.9064527891358","-341.30615329295586"
"89","177","177","177","-430.2006089636781","-574.6924101864845","-245.8188449769253"
"90","179","179","179","-463.90087981282005","-561.3119853662485","-375.50358416764027"
"91","181","181","181","-402.2441345911864","-553.5421815703646","-313.1272135027329"
"92","183","183","183","-435.5788846463365","-483.3198483556091","-386.18687753324394"
"93","185","185","185","-369.64427125327626","-452.85259976440153","-308.38648651027256"
"94","187","187","187","-400.7634514139421","-487.4170823165419","-326.318850462997"
"95","189","189","189","-414.18371629187794","-502.41957887395074","-312.6236968030016"
"96","191","191","191","-387.0029594277508","-450.79053074633697","-338.6100618057777"
"97","193","193","193","-397.0688724429479","-420.3038271479075","-365.1925527369346"
"98","195","195","195","-358.4722752627203","-394.571136676338","-310.36494141662655"
"99","197","197","197","-424.36348407968325","-494.88674505642024","-317.9761016306449"
"100","199","199","199","-381.1386309587323","-448.09077159077026","-342.76999462317724"
"101","201","201","201","-341.56079214449863","-429.135055124694","-284.45941778518124"
"102","203","203","203","-404.4858466312675","-525.2299571185673","-319.3018963249385"
"103","205","205","205","-474.4915874958597","-592.5432794098673","-297.545608860364"
"104","207","207","207","-395.37827963604065","-533.0038511134246","-288.4459830915764"
"105","209","209","209","-364.7099271703572","-505.01773944112324","-279.6482018881576"
"106","211","211","211","-383.69905598987555","-422.1420870373709","-339.64692264539593"
"107","213","213","213","-369.91787478802974","-450.91209833003495","-306.3716639320321"
"108","215","215","215","-404.8686060728182","-511.6760931228887","-330.3487899442441"
"109","217","217","217","-363.81709477944446","-461.959476713212","-273.2754948249188"
"110","219","219","219","-406.99411402162724","-463.32432424282183","-362.1564566329791"
"111","221","221","221","-538.495696082903","-1210.7971696432835","-339.8439207516897"
"112","223","223","223","-494.33392608711773","-649.2122250952235","-406.0831278619526"
"113","225","225","225","-393.3671874162761","-465.15434077248415","-305.6787154753226"
"114","227","227","227","-427.57686171541854","-597.1688806540999","-256.9308589323623"
"115","229","229","229","-420.95367862271524","-531.2561498471306","-316.4878915977095"
"116","231","231","231","-350.67279435957647","-437.939862543715","-258.5316641428028"
"117","233","233","233","-416.9638427156727","-628.4971529963872","-312.5024251579597"
"118","235","235","235","-441.9717847377995","-604.6493656269333","-378.23793285423966"
"119","237","237","237","-390.4844764342764","-462.45607084555957","-327.4902188728699"
"120","239","239","239","-424.8475063049291","-606.1736141766623","-315.94690584267414"
"121","241","241","241","-362.2629394275134","-483.983637678161","-308.7860134062145"
"122","243","243","243","-388.3539098047125","-499.0649103125274","-300.65104955801223"
"123","245","245","245","-418.29375862554105","-439.04836062159694","-388.3510842875557"
"124","247","247","247","-555.3133193868711","-943.6707501900879","-327.60479955624965"
"125","249","249","249","-528.7300441399668","-1011.7661508523095","-341.6535313052875"
"126","251","251","251","-515.4952085526222","-696.5535511026231","-287.77801144941134"
"127","253","253","253","-423.549763885784","-632.5099870661198","-298.4985675749377"
"128","255","255","255","-399.57969499442765","-535.7400310421053","-343.67091786115606"
"129","257","257","257","-362.02856476938405","-439.09190083282","-314.80039720390374"
"130","259","259","259","-465.07929121362105","-570.5245952519276","-375.4218296108736"
"131","261","261","261","-412.51254616732933","-566.1197829052297","-293.98945756254597"
"132","263","263","263","-333.4950951266036","-417.5485363708338","-273.0268271791836"
"133","265","265","265","-381.7802578716584","-495.43728704155063","-310.80727345843064"
"134","267","267","267","-403.5769829395564","-512.570547516451","-280.63382780241176"
"135","269","269","269","-417.76886077133366","-486.10120017031306","-335.6520708538379"
"136","271","271","271","-372.4421533224307","-449.65111995512314","-306.3302044824328"
"137","273","273","273","-457.33817698342637","-566.4301248857724","-359.9024858028699"
"138","275","275","275","-355.50875088958514","-412.27575997310663","-295.5274911521047"
"139","277","277","277","-399.81856025579674","-516.5255871315309","-286.16995835233536"
"140","279","279","279","-341.44557398241034","-437.95872927570144","-302.60537872003954"
"141","281","281","281","-353.1061038197376","-486.4542286265651","-256.44045482751613"
"142","283","283","283","-434.26746411895857","-534.004211953524","-342.0325363610677"
"143","285","285","285","-412.09196939088235","-518.2435404898322","-304.6111647241228"
"144","287","287","287","-379.9306009248791","-465.45512279268956","-277.6207582931433"
"145","289","289","289","-357.34939327433773","-428.2313470880614","-280.56880129051785"
"146","291","291","291","-389.9608674406691","-522.7225018147681","-308.7064419524142"
"147","293","293","293","-395.8026403062818","-491.94220230448656","-294.6579115586964"
"148","295","295","295","-433.0515488868811","-573.9631911149346","-336.5700808359128"
"149","297","297","297","-385.3105664389989","-485.279172496568","-310.29794600053725"
"150","299","299","299","-396.1292722514469","-604.8338487662302","-310.56201242690383"
"151","301","301","301","-406.94554695017194","-496.565617444928","-310.6533526307333"
"152","303","303","303","-394.5112973467213","-578.0457107896187","-287.7427893083737"
"153","305","305","305","-411.57948840856477","-534.7451626868091","-337.92309774834945"
"154","307","307","307","-410.02335175779064","-603.8247843888882","-285.5138012259455"
"155","309","309","309","-372.8693469955044","-483.92379278513374","-293.0650947312387"
"156","311","311","311","-431.39189119329194","-503.3004875826573","-357.4866740147191"
"157","313","313","313","-485.6220424500869","-604.0593340625142","-295.0348317971542"
"158","315","315","315","-398.80665865292394","-499.41886753915935","-321.9589348191069"
"159","317","317","317","-364.9146637987673","-452.34775642181734","-290.01642926581684"
"160","319","319","319","-351.8552782738251","-432.13016838804657","-289.4055805168924"
"161","321","321","321","-361.47279626890156","-495.76124957020585","-293.2005462801603"
"162","323","323","323","-406.5798853174121","-577.3995626958827","-322.6431736773221"
"163","325","325","325","-403.0908867582001","-502.71531128077044","-320.9888731300507"
"164","327","327","327","-432.3699033318455","-456.1863559675152","-406.80080750691496"
"165","329","329","329","-405.41945412424104","-478.6210234361741","-330.98814668147054"
"166","331","331","331","-422.6907504533998","-515.9380676295746","-268.4812437462641"
"167","333","333","333","-383.0489407460085","-545.0926784961254","-285.6211539068931"
"168","335","335","335","-416.78562145852095","-517.8420323963265","-303.49689882282735"
"169","337","337","337","-410.2459211752853","-510.76012895760437","-295.3608019899954"
"170","339","339","339","-409.56471157247336","-438.49657304872466","-384.14453205676875"
"171","341","341","341","-344.6265765381644","-400.8567909611865","-296.76037905830714"
"172","343","343","343","-363.9228758637628","-442.7960320905749","-301.36708283395484"
"173","345","345","345","-445.7568432531283","-595.9120027152226","-317.2784994603915"
"174","347","347","347","-346.8472215858023","-425.20848558643405","-282.6863510950686"
"175","349","349","349","-412.9980530989595","-568.4085751190702","-273.79683371605114"
"176","351","351","351","-374.27440831764795","-486.8627942710999","-296.14104767266866"
"177","353","353","353","-422.1347474350262","-526.0286381907954","-347.32530460449163"
"178","355","355","355","-403.78965961686765","-570.4002492623036","-280.2934126646772"
"179","357","357","357","-379.5309325115048","-546.9870099192209","-259.05498545327976"
"180","359","359","359","-379.7314119436241","-533.7766265506539","-328.3294260499916"
"181","361","361","361","-397.2170165924339","-503.6822242581371","-320.2494117876375"
"182","363","363","363","-375.0863633603625","-451.4325936455065","-330.53811477418566"
"183","365","365","365","-380.89206877211217","-481.4221872389085","-291.78082296230576"
"184","367","367","367","-383.1272081054757","-444.2371971511602","-330.96154802951514"
"185","369","369","369","-383.52677995720967","-570.494125836399","-267.8293232525018"
"186","371","371","371","-383.6059013229202","-425.3750390453955","-316.08600596764893"
"187","373","373","373","-404.9666826163808","-485.8976941458107","-291.9510960296636"
"188","375","375","375","-350.6580147912872","-423.9040323648574","-248.9973901868159"
"189","377","377","377","-371.87295630402355","-528.113203776657","-289.24386327711795"
"190","379","379","379","-377.0320132894515","-456.5709025604895","-296.73857718140096"
"191","381","381","381","-335.7481439881442","-379.15816303645164","-293.1210364185695"
"192","383","383","383","-369.54259346031733","-552.4418250503688","-275.5376382659759"
"193","385","385","385","-352.6009334176099","-424.1844078933708","-276.63437050891656"
"194","387","387","387","-363.4408822511019","-477.7570716332743","-256.36494422309016"
"195","389","389","389","-354.332128697037","-420.80804414438626","-269.5469809625685"
"196","391","391","391","-386.47683525782634","-524.9689220847331","-311.66866368536995"
"197","393","393","393","-328.777626416153","-418.74899320754815","-267.9560361164913"
"198","395","395","395","-364.9042303920484","-455.8204784354949","-283.4254058212515"
"199","397","397","397","-425.7098548569038","-587.236320941628","-280.81194358809813"
"200","399","399","399","-393.73414069429225","-452.69690143884543","-323.9902458650133"
"201","401","401","401","-336.88779895829657","-431.90459013500015","-272.0769367499831"
"202","403","403","403","-336.2317545078836","-392.4019408700991","-270.54768330251636"
"203","405","405","405","-362.41048854627536","-406.0605551996188","-298.94543201177555"
"204","407","407","407","-354.3865902470014","-417.6307019185108","-292.31412250235473"
"205","409","409","409","-322.797206049052","-365.373494618745","-265.2488046917207"
"206","411","411","411","-367.46695244743165","-556.2385663119323","-274.69336204120634"
"207","413","413","413","-399.5963631277884","-452.5568589086466","-282.5527309945903"
"208","415","415","415","-383.08025903390933","-443.8463063353107","-296.3562929846152"
"209","417","417","417","-368.1730892931345","-443.38320451123724","-310.9414295870013"
"210","419","419","419","-376.81000805239296","-485.2067059670537","-296.67135447656534"
"211","421","421","421","-357.001896418965","-519.2504161258787","-236.10776811970803"
"212","423","423","423","-346.0945435263854","-393.2723877231072","-297.54802858682143"
"213","425","425","425","-353.23062879525764","-448.2391208709201","-289.9971222326999"
"214","427","427","427","-335.60290163236834","-364.7632459617112","-302.2509069434935"
"215","429","429","429","-393.6235281321812","-449.9546377018174","-326.8168917367947"
"216","431","431","431","-352.17345048906964","-418.1050881484973","-272.8164404654341"
"217","433","433","433","-354.5698944195372","-444.4849934939531","-301.38502585962135"
"218","435","435","435","-410.0016769903808","-617.0501809791638","-257.59886760019526"
"219","437","437","437","-408.3741425603218","-540.3546363736782","-338.77732836529503"
"220","439","439","439","-342.20514772098943","-435.1016146281061","-272.0704398770888"
"221","441","441","441","-362.19458414928596","-418.5355690672869","-316.3003982139427"
"222","443","443","443","-386.0835182662278","-439.9929918519793","-339.8524684995909"
"223","445","445","445","-370.2825750875933","-538.3601352490923","-295.75926970905584"
"224","447","447","447","-388.71141936822596","-508.5197272673354","-314.30664678400984"
"225","449","449","449","-395.4760732193843","-500.66931926672174","-326.668405092571"
"226","451","451","451","-370.89107687524154","-463.4845519755604","-274.2841809129992"
"227","453","453","453","-362.9210456956226","-489.7473082860747","-274.8334000334258"
"228","455","455","455","-348.54785157642635","-531.2784261527567","-277.3630812183116"
"229","457","457","457","-358.35193431499414","-471.659491718182","-250.98311881593304"
"230","459","459","459","-374.4512412123986","-587.4789808859531","-270.1589594721853"
"231","461","461","461","-396.40287666111146","-483.4637955917891","-319.4259202596947"
"232","463","463","463","-469.04226930591886","-623.4754812614264","-318.5594157738837"
"233","465","465","465","-353.4064717274922","-411.80833225546456","-266.90998888674284"
"234","467","467","467","-389.1294843342216","-452.70014511693233","-318.9741384694295"
"235","469","469","469","-431.3545636954439","-715.7511195398943","-266.178057247734"
"236","471","471","471","-438.82076434659746","-703.8345255273856","-322.73315496680067"
"237","473","473","473","-409.4949110445642","-525.4766743875327","-303.4531535320803"
"238","475","475","475","-408.46165567291825","-518.9549091087858","-314.6439180060946"
"239","477","477","477","-408.4291302445423","-516.4905115724823","-305.0263567220691"
"240","479","479","479","-360.2166316724489","-498.2756388529272","-260.8544458685446"
"241","481","481","481","-458.4397242010888","-773.3565058900615","-295.6143323843994"
"242","483","483","483","-360.5950192590325","-463.74253918373756","-308.12205106098713"
"243","485","485","485","-370.0021181620927","-443.1593405286067","-279.95905477963873"
"244","487","487","487","-399.37338510690836","-540.752460430323","-271.1887341821818"
"245","489","489","489","-386.5061914905746","-543.3100026353598","-308.81749533311637"
"246","491","491","491","-361.29671486935547","-416.1936798833468","-316.50930153587313"
"247","493","493","493","-400.6266561220709","-536.2073191258756","-269.6728041559672"
"248","495","495","495","-384.60859933184156","-596.0644759269782","-300.6532478569341"
"249","497","497","497","-345.99910791700194","-444.96028653365636","-286.2286692923305"
"250","499","499","499","-345.49031883488334","-435.09111511973","-285.56521584798645"
"251","501","501","501","-357.0317759499568","-473.6245693825437","-272.00912335474374"
"252","503","503","503","-361.3829557866376","-468.38749698799273","-320.25643825537594"
"253","505","505","505","-349.33424414374764","-392.3278277298096","-279.72928640790354"
"254","507","507","507","-364.2285083507475","-435.2806771374176","-313.33546616765534"
"255","509","509","509","-394.82611302515414","-550.8290019236659","-275.2442121371025"
"256","511","511","511","-382.9057106484729","-462.41108826022867","-300.473493796917"
"257","513","513","513","-387.8100050829767","-585.6644607306478","-284.793716966333"
"258","515","515","515","-402.9753523502443","-586.4644218623343","-274.9741827049608"
"259","517","517","517","-334.063159266302","-355.157902262978","-311.38086359757943"
"260","519","519","519","-320.0529388634285","-421.3845091531014","-247.34872516634894"
"261","521","521","521","-332.7900292261821","-393.04379806056613","-279.13742064289517"
"262","523","523","523","-308.77909428858294","-351.3518790949976","-264.4548469610879"
"263","525","525","525","-366.8961678638687","-454.15941950687636","-277.9594317005043"
"264","527","527","527","-344.2119350981514","-500.4950083180973","-287.0990328541692"
"265","529","529","529","-364.58475597021504","-458.92585241865606","-266.9825657193272"
"266","531","531","531","-323.83494247653806","-449.9238628085385","-246.7840461559687"
"267","533","533","533","-357.42576926411414","-445.8796044480795","-271.62496670032596"
"268","535","535","535","-331.58097068857126","-396.96068793911917","-306.8206323876803"
"269","537","537","537","-348.86713832204026","-442.0157645277224","-282.61266736133734"
"270","539","539","539","-405.2929266874353","-612.7021053981297","-301.172798389216"
"271","541","541","541","-340.43303038929173","-402.1583353916019","-279.7222248637483"
"272","543","543","543","-419.60925932094926","-516.5940019968298","-308.45325953913215"
"273","545","545","545","-372.90399957114613","-513.8748793136754","-291.76609645259157"
"274","547","547","547","-401.5808895849884","-494.4466395093783","-281.4439344646692"
"275","549","549","549","-379.9507944229099","-454.47537595024005","-306.15919834246887"
"276","551","551","551","-334.7756935981424","-440.7007034140859","-263.7057367550688"
"277","553","553","553","-399.1193205403918","-514.1161391757942","-299.54405231189315"
"278","555","555","555","-391.07118711650355","-556.9042245116076","-267.3763885750474"
"279","557","557","557","-300.7678099797907","-322.3663969764007","-286.81819809176335"
"280","559","559","559","-331.7078463270685","-367.2043863088928","-284.19926761017666"
"281","561","561","561","-352.6646673479142","-453.0890498584736","-275.86416758275476"
"282","563","563","563","-337.11415057342913","-405.8828464499427","-224.58322376768845"
"283","565","565","565","-477.6516723800006","-587.2854635947285","-313.6949188806861"
"284","567","567","567","-384.2649677597361","-529.3225012265858","-273.01542724790545"
"285","569","569","569","-363.568729123385","-400.5826303436886","-331.0266701854323"
"286","571","571","571","-331.34805570178855","-420.9947098293216","-271.07863973344325"
"287","573","573","573","-342.4564746897147","-493.0898345359505","-287.26961115471204"
"288","575","575","575","-356.68471247786476","-410.87478118493914","-327.72213830018876"
"289","577","577","577","-376.5415086446236","-454.52790403074937","-297.6807169495246"
"290","579","579","579","-455.6266682961369","-802.4010835390773","-292.4774423975061"
"291","581","581","581","-398.5222061411839","-588.5489213964302","-302.45577077995875"
"292","583","583","583","-324.7241028450509","-354.2899512696601","-301.1935473772172"
"293","585","585","585","-369.6304624293672","-527.5546104327352","-278.0508033078163"
"294","587","587","587","-347.31286846702244","-420.2616773254285","-270.7417982726686"
"295","589","589","589","-434.6766249997051","-552.2768495846154","-252.63103036165256"
"296","591","591","591","-348.68558505896306","-407.12349042585504","-293.0808635587185"
"297","593","593","593","-363.82528811502186","-511.20518271562065","-283.38950381534875"
"298","595","595","595","-339.9094953593716","-365.3634420734635","-300.3686221671532"
"299","597","597","597","-350.23306615605696","-461.0619205341766","-279.966796669815"
"300","599","599","599","-385.93840514829503","-438.57038464207534","-323.82878373374416"
"301","601","601","601","-294.5572335755099","-364.68612188393666","-239.2881108343404"
"302","603","603","603","-379.72441653742237","-447.99236376229817","-323.5787520577268"
"303","605","605","605","-348.66986729371195","-399.1450773862655","-272.0810484085951"
"304","607","607","607","-406.99949839448135","-435.2599129144795","-345.2391948798373"
"305","609","609","609","-333.79500525259084","-397.70021806788844","-270.3581203540415"
"306","611","611","611","-345.37427035423923","-485.6778072058837","-269.2138704298729"
"307","613","613","613","-336.8121332402594","-407.24610746191496","-246.39354336345477"
"308","615","615","615","-339.4072266008294","-440.5175911893596","-249.06899775370468"
"309","617","617","617","-329.22757508835315","-368.176839385722","-298.47226259529936"
"310","619","619","619","-309.96001463115056","-366.2536861798444","-274.775844798056"
"311","621","621","621","-344.65098288435394","-447.5982966198831","-277.1200282955968"
"312","623","623","623","-360.3010707460956","-475.79567383980884","-262.70284648486694"
"313","625","625","625","-328.4922347172345","-414.7290221302734","-285.34041252572285"
"314","627","627","627","-338.1582268555999","-371.3309496471031","-286.72082116420364"
"315","629","629","629","-327.4823674388718","-348.0331867229373","-309.67057162686933"
"316","631","631","631","-314.48975751410967","-368.129880568699","-254.10466850955498"
"317","633","633","633","-304.5194218681074","-349.3184014969578","-274.56966590749005"
"318","635","635","635","-381.01098616134186","-468.74914808104234","-297.0387448919267"
"319","637","637","637","-334.5470312512114","-415.50471722651065","-291.3210111430773"
"320","639","639","639","-337.90347544932285","-372.7385441480482","-291.51257080408703"
"321","641","641","641","-386.778001716719","-496.8782194590382","-276.2358204910991"
"322","643","643","643","-351.274474274169","-556.3611911360862","-243.3920798753836"
"323","645","645","645","-341.70585583431273","-468.30949715627725","-279.2109023156636"
"324","647","647","647","-311.81988047784506","-354.1953497078138","-266.88010450513616"
"325","649","649","649","-340.3013099141313","-446.2570876195894","-251.51708346338734"
"326","651","651","651","-351.4778153649989","-381.79336699282635","-309.73592745562786"
"327","653","653","653","-370.07371553557533","-490.4268346311846","-290.6455342573683"
"328","655","655","655","-330.30733093637645","-405.8166439705529","-248.67377803563022"
"329","657","657","657","-323.618523954362","-379.7512626681237","-259.9155793119216"
"330","659","659","659","-320.614518142511","-391.535803539204","-267.63319278530395"
"331","661","661","661","-354.00642540519044","-409.1945392203355","-305.31500522536885"
"332","663","663","663","-330.1405517284244","-369.89510155312234","-307.4119608029392"
"333","665","665","665","-333.5465110379697","-433.08315145834956","-270.1373106154187"
"334","667","667","667","-364.78400248908093","-418.7329514230124","-320.39172591393805"
"335","669","669","669","-317.71245334109943","-420.2807698551578","-251.8076704410382"
"336","671","671","671","-313.3127393177066","-375.3871330345231","-279.8437610950508"
"337","673","673","673","-340.89266107821845","-468.08349451852496","-257.0034547870362"
"338","675","675","675","-321.26648527122353","-367.4321473037322","-279.2836718806623"
"339","677","677","677","-347.8067889502613","-376.8414417878751","-314.3018313249367"
"340","679","679","679","-345.7855378059188","-407.826668478306","-290.1416301804842"
"341","681","681","681","-347.79743550993396","-490.0282177039258","-261.86952560452556"
"342","683","683","683","-405.85269725349974","-535.2322998471957","-290.23575626653036"
"343","685","685","685","-369.4158649054096","-545.4253397099022","-263.5454651129733"
"344","687","687","687","-355.9481517069246","-408.15340118553354","-260.5967021445246"
"345","689","689","689","-361.29792846553516","-451.9693825511332","-292.9901015545516"
"346","691","691","691","-331.13795165187526","-459.3177139910847","-258.41528532394284"
"347","693","693","693","-336.82298935510545","-397.41249252112954","-278.43069105566826"
"348","695","695","695","-325.3673655674696","-386.3891951727021","-255.29650172133515"
"349","697","697","697","-312.1497763098353","-382.1424323606158","-267.09447317536274"
"350","699","699","699","-333.80525299162053","-462.72594551843656","-248.11093143920803"
"351","701","701","701","-329.7944375381968","-395.2406172069437","-290.93401604615013"
"352","703","703","703","-340.49096966295593","-389.6644666826975","-317.8550943570033"
"353","705","705","705","-315.01408135232083","-348.51391293887605","-274.53903676750434"
"354","707","707","707","-308.0517115436047","-385.180572692073","-245.24018324571605"
"355","709","709","709","-385.5476966807479","-636.9638943145238","-243.58539153825805"
"356","711","711","711","-375.26796555021593","-509.78539843249257","-281.0104135174073"
"357","713","713","713","-354.54909469456305","-412.49325473388984","-296.89121662561104"
"358","715","715","715","-358.7804472705977","-542.1386276566335","-258.75742773562166"
"359","717","717","717","-330.71431717982284","-376.4285327017293","-295.40860074064733"
"360","719","719","719","-326.11393289789055","-367.2561632297132","-250.408137458923"
"361","721","721","721","-347.56687202655564","-418.9454175880371","-308.3698411589307"
"362","723","723","723","-397.1277729974351","-612.9259061527702","-288.69807406554594"
"363","725","725","725","-374.1246574594562","-465.3065126517835","-282.32133066355317"
"364","727","727","727","-308.80433498552964","-369.62523459948017","-281.8479077386838"
"365","729","729","729","-366.74729956092096","-458.87667865374783","-258.1286370326293"
"366","731","731","731","-364.65236574679784","-415.5642447585487","-326.0223617669897"
"367","733","733","733","-456.6758073748348","-765.4762010813284","-314.6934046799616"
"368","735","735","735","-378.7177503277426","-511.57502292597496","-298.38346499690203"
"369","737","737","737","-320.84859154101366","-371.2926577986475","-277.069891699245"
"370","739","739","739","-318.33399305872365","-427.97169350931415","-269.0463694840103"
"371","741","741","741","-297.20742482958764","-354.60578518589915","-253.99084447405426"
"372","743","743","743","-363.12834908947286","-476.0282534436291","-283.4513546780836"
"373","745","745","745","-316.63552946038646","-336.5968973804241","-274.99100011602354"
"374","747","747","747","-313.63168312354","-354.3925195905486","-287.7747036146224"
"375","749","749","749","-355.1705121511949","-410.59640982309764","-277.3734427571906"
"376","751","751","751","-357.5721117397103","-532.1899171142364","-286.28576828626865"
"377","753","753","753","-304.7842516072161","-334.1106760697536","-281.23956833936705"
"378","755","755","755","-395.8509241567571","-527.2736254699541","-263.0572207166379"
"379","757","757","757","-319.6245466243402","-369.9215942714598","-252.14794694081417"
"380","759","759","759","-366.5125545972028","-446.7235539981946","-319.0719956225685"
"381","761","761","761","-357.973051257682","-580.8645369805273","-257.4339218462703"
"382","763","763","763","-354.1670947943742","-481.1460122377838","-253.06615542123404"
"383","765","765","765","-356.5841715641185","-385.7544690751584","-328.68388685338164"
"384","767","767","767","-316.49770468211824","-407.88485661967337","-249.98037341043707"
"385","769","769","769","-369.88294117631955","-413.9453430218707","-278.3811243774692"
"386","771","771","771","-329.95098965038187","-391.8791622619113","-279.8259862726051"
"387","773","773","773","-350.5046639919591","-417.5316483953886","-255.1888964071308"
"388","775","775","775","-344.0597028819874","-408.469347024427","-296.92444148593023"
"389","777","777","777","-344.47379686632365","-420.87308384389894","-290.2405787350723"
"390","779","779","779","-343.11905798784534","-448.767590566757","-263.797099263298"
"391","781","781","781","-312.1753323554508","-384.3704352209597","-287.5751685729883"
"392","783","783","783","-396.57269324416694","-529.1294497331585","-276.2880871457418"
"393","785","785","785","-320.63712120136495","-365.50292058450884","-238.56151105093525"
"394","787","787","787","-353.34844544892655","-422.0526018024733","-281.738913938276"
"395","789","789","789","-354.7501756590449","-430.9529743410213","-294.18612791578175"
"396","791","791","791","-292.72628627259934","-344.88920931896473","-246.19604253799227"
"397","793","793","793","-319.12955771220214","-384.3587660178916","-293.37512629716406"
"398","795","795","795","-319.6443363513168","-341.1977972971919","-303.578460612636"
"399","797","797","797","-332.9251590172924","-445.4839929289795","-260.2626204835889"
"400","799","799","799","-366.4411788670057","-555.189188495995","-273.1332148309002"
"401","801","801","801","-333.89485352860976","-402.3630807546474","-276.04112249782173"
"402","803","803","803","-343.090236577254","-473.2139411610176","-249.5748343422987"
"403","805","805","805","-331.7117476932234","-355.4985165840413","-298.9485098253588"
"404","807","807","807","-314.20022601270813","-345.45577884680074","-284.3726721233435"
"405","809","809","809","-304.99873555424347","-343.14809293740313","-266.04516807301235"
"406","811","811","811","-297.20241898363224","-370.57389190154817","-250.68292795796648"
"407","813","813","813","-363.8182070622165","-576.4718315147799","-270.78389408320953"
"408","815","815","815","-313.1112025962803","-376.7925841694482","-263.66964048132394"
"409","817","817","817","-372.6053592206166","-475.2845546706077","-256.8685882726327"
"410","819","819","819","-309.08105884797556","-341.60121605920193","-287.1740730010523"
"411","821","821","821","-356.28872066652866","-515.1249598730705","-278.35442798133215"
"412","823","823","823","-363.8408708475657","-435.6709361751981","-291.32553362453575"
"413","825","825","825","-380.03121432283626","-532.0346243436179","-296.4612901560998"
"414","827","827","827","-316.6693650997221","-371.01496611412153","-285.3632232263712"
"415","829","829","829","-339.38825189968014","-427.5785239227672","-253.80677791818795"
"416","831","831","831","-343.0610614533308","-438.54332304160386","-288.6240027567652"
"417","833","833","833","-347.95621958854906","-474.1578742218693","-287.1507395852052"
"418","835","835","835","-315.0943441173313","-386.1947708080302","-253.3085733576201"
"419","837","837","837","-343.7285872403867","-373.60549731270805","-311.4162653440364"
"420","839","839","839","-325.24766055980825","-495.7997982389111","-249.16684641409756"
"421","841","841","841","-327.2936167661091","-381.79582974641613","-303.8844556693637"
"422","843","843","843","-349.87745586752374","-483.1210285204133","-245.43777216746616"
"423","845","845","845","-351.3897240261716","-414.6185895532102","-253.9909731181582"
"424","847","847","847","-319.04075602377844","-380.37572200859654","-290.6458494683175"
"425","849","849","849","-330.45040578863313","-358.0336846453897","-285.57442798767596"
"426","851","851","851","-323.02255247251907","-368.8878194296546","-262.8263714683604"
"427","853","853","853","-320.3371158453578","-368.39800307206974","-290.76140386155987"
"428","855","855","855","-314.396977997807","-382.3048044074301","-275.0704758981267"
"429","857","857","857","-300.06288754868706","-329.88881216318697","-277.7604075383553"
"430","859","859","859","-295.48141386208465","-332.9194966805558","-267.13278986721946"
"431","861","861","861","-298.9357638629652","-386.63714835426754","-255.61058137153873"
"432","863","863","863","-292.2349769374855","-318.57769869159","-271.43734294764675"
"433","865","865","865","-321.290873059126","-470.0619406495735","-253.46762256224252"
"434","867","867","867","-323.3910366424248","-350.52999864752746","-273.49431781245494"
"435","869","869","869","-290.9767903253843","-320.05271627792064","-275.10608953331507"
"436","871","871","871","-344.42977013750226","-457.57049725608806","-306.75539422703235"
"437","873","873","873","-349.0593315720413","-494.0051274196398","-267.81270471913007"
"438","875","875","875","-369.3135054857043","-412.05973116837475","-335.8160350637943"
"439","877","877","877","-302.45252916409004","-373.2816921516193","-268.47780498659625"
"440","879","879","879","-302.78556309475215","-343.6690107285","-255.35338526061966"
"441","881","881","881","-351.91298336608975","-438.5868007449123","-289.12310260879667"
"442","883","883","883","-372.53295187293827","-417.0379880207168","-312.05849996362645"
"443","885","885","885","-285.68629453419493","-302.4479551334218","-253.65870621810072"
"444","887","887","887","-279.4227366283965","-307.0228180591666","-239.94758072491743"
"445","889","889","889","-354.9835665223723","-537.9301329532186","-299.022675519985"
"446","891","891","891","-328.40841965992166","-374.1965463830597","-278.09712097912995"
"447","893","893","893","-332.3687555115553","-424.201539543411","-255.31406076428752"
"448","895","895","895","-311.76983491345686","-400.9769284329521","-246.03754035859586"
"449","897","897","897","-360.4000747195815","-442.01177751968777","-249.38330118463708"
"450","899","899","899","-338.8591548559607","-478.63666216967215","-263.0420239332129"
"451","901","901","901","-317.632857553833","-384.15197307583435","-245.41737512514368"
"452","903","903","903","-316.728375827937","-350.3908313440485","-260.16787947066007"
"453","905","905","905","-319.8829730934118","-416.8399262939716","-247.4341794189026"
"454","907","907","907","-295.35940679540573","-321.0531943974844","-276.188984713317"
"455","909","909","909","-286.4225615326547","-307.38066986886787","-256.83726315038865"
"456","911","911","911","-330.2423135984742","-369.2509100419108","-261.11922884465827"
"457","913","913","913","-281.7594107748571","-296.9780893727477","-263.8242605449907"
"458","915","915","915","-305.70526089378967","-340.27611287080083","-289.2078365846811"
"459","917","917","917","-316.43517142372724","-364.8969886962598","-289.37289503263753"
"460","919","919","919","-335.98648377650045","-405.6453009258926","-290.8249824110253"
"461","921","921","921","-289.9914661192979","-371.9591231760719","-242.03748953414308"
"462","923","923","923","-288.3188080691969","-322.743453016033","-269.2772048247478"
"463","925","925","925","-300.0531689859357","-334.91381080359173","-271.6388814512748"
"464","927","927","927","-319.95241981050793","-342.93882640715356","-279.4312078469102"
"465","929","929","929","-328.916355582559","-368.919197928807","-303.7443993273607"
"466","931","931","931","-305.09743192012127","-366.44413907702744","-270.48728205033046"
"467","933","933","933","-292.9029001410274","-305.8496844475214","-277.9361004977823"
"468","935","935","935","-304.13485182439626","-374.07785280617816","-243.86822077072853"
"469","937","937","937","-303.5995377622857","-345.48457124384373","-260.93107215016215"
"470","939","939","939","-297.0620162958416","-339.75829126473053","-252.4630548169734"
"471","941","941","941","-320.29041143797184","-395.415246154398","-249.37286684842016"
"472","943","943","943","-310.64917331353575","-359.98710732952395","-268.2229708909747"
"473","945","945","945","-309.2493819806362","-351.6915673541146","-262.27124517898125"
"474","947","947","947","-301.47625684144407","-320.85739100091996","-255.28830069845554"
"475","949","949","949","-279.3221481148679","-300.08597243169424","-255.56503335424108"
"476","951","951","951","-299.9227815554899","-390.44224699502024","-237.0243347435356"
"477","953","953","953","-288.9108147172879","-349.263754154289","-247.05449390932318"
"478","955","955","955","-330.4179119102531","-496.3379638153751","-236.83009772379978"
"479","957","957","957","-296.5414400801618","-316.2264858275252","-268.8256283516277"
"480","959","959","959","-325.3675854499532","-375.7771230271524","-272.23988033335144"
"481","961","961","961","-342.8998056258429","-414.5969159259907","-256.20814160355053"
"482","963","963","963","-312.5537523921","-375.0129741420576","-246.39113046685503"
"483","965","965","965","-324.31291801659125","-433.81516540029645","-266.1249756528795"
"484","967","967","967","-341.91127394683963","-398.6475246958119","-303.5906286884508"
"485","969","969","969","-321.008642040331","-381.47396038871625","-258.88075223228196"
"486","971","971","971","-317.47146354692416","-418.55275837582565","-263.647480463761"
"487","973","973","973","-324.4579368386666","-419.94471875915855","-253.95256787881584"
"488","975","975","975","-338.3012081621087","-422.75328440167067","-301.00165545430747"
"489","977","977","977","-328.41791596093316","-362.58177161625326","-283.07987879688756"
"490","979","979","979","-280.3316722211974","-305.4685465104736","-241.8409637263315"
"491","981","981","981","-357.0142883517814","-424.2265984935033","-305.5935982966732"
"492","983","983","983","-308.34281241426845","-395.9454854366031","-272.07479041709837"
"493","985","985","985","-288.358045019711","-351.47007182001175","-261.6031630491084"
"494","987","987","987","-334.33185695282907","-390.0066371672927","-247.89275925081543"
"495","989","989","989","-323.81210618052324","-435.34382456713655","-262.46833275279863"
"496","991","991","991","-311.884516312896","-387.8302868579941","-283.1090178058362"
"497","993","993","993","-342.788324836945","-429.13464905422165","-275.07138388475715"
"498","995","995","995","-326.25247917060864","-382.28917335700874","-273.84948250882184"
"499","997","997","997","-316.5283287229499","-409.942668949348","-269.0769921207975"
"500","999","999","999","-309.906981786951","-365.3386495313089","-240.5564892794213"
"501","1001","1001","1001","-317.739905282078","-386.21901612156944","-269.3696767764455"
"502","1003","1003","1003","-299.9877971438007","-368.02771450173765","-241.32894640593835"
"503","1005","1005","1005","-353.0985318388895","-440.9008964699235","-265.53954889925967"
"504","1007","1007","1007","-335.3682480649384","-384.027867351689","-259.7531698626932"
"505","1009","1009","1009","-297.8640228149156","-314.6904904215325","-269.6312067942077"
"506","1011","1011","1011","-312.4776293927766","-369.15836076330214","-274.928179660604"
"507","1013","1013","1013","-290.67762441411907","-399.12241682491305","-255.18227775005533"
"508","1015","1015","1015","-273.5571115656895","-293.38620638469183","-242.3512551167437"
"509","1017","1017","1017","-346.12738251133646","-495.31730090549553","-259.56415394608393"
"510","1019","1019","1019","-287.9252377168612","-366.6594167979749","-239.2338556679624"
"511","1021","1021","1021","-356.4776597950663","-538.5381465346478","-285.7644099349192"
"512","1023","1023","1023","-314.3936275932293","-356.30078336554163","-239.35474156921907"
"513","1025","1025","1025","-288.63118742377367","-308.4460163386098","-267.8058860432303"
"514","1027","1027","1027","-310.63191234542836","-363.198286650654","-274.0663419832785"
"515","1029","1029","1029","-310.55139373095386","-470.0287309121372","-256.1869650323105"
"516","1031","1031","1031","-339.5678370863193","-423.7334758409819","-290.4790665375503"
"517","1033","1033","1033","-339.22357976111317","-406.9045643418302","-253.21111590258823"
"518","1035","1035","1035","-295.89930817633774","-313.6710331378989","-288.69592036343823"
"519","1037","1037","1037","-322.93905996487854","-411.7945740014186","-251.59279129004295"
"520","1039","1039","1039","-303.587954726583","-320.4896835911129","-270.10757664076596"
"521","1041","1041","1041","-335.31138914552366","-442.5715290830891","-265.38290273694025"
"522","1043","1043","1043","-313.90711305235857","-378.83934137884904","-257.1040598457605"
"523","1045","1045","1045","-305.64721857681053","-380.17961410932486","-255.8936264467776"
"524","1047","1047","1047","-350.03114466608525","-419.5946311862365","-283.9882938509718"
"525","1049","1049","1049","-288.5669345040009","-331.43872834722424","-263.50163514992073"
"526","1051","1051","1051","-349.8161587440969","-401.2446643494298","-265.39711565405236"
"527","1053","1053","1053","-286.1476216758027","-312.22060080313156","-251.8563822448707"
"528","1055","1055","1055","-317.3558895702889","-358.62418481351494","-249.50205105966052"
"529","1057","1057","1057","-312.82563782366304","-327.4299506511352","-305.8991278270279"
"530","1059","1059","1059","-296.49974670916953","-337.61005866417383","-254.8359596506775"
"531","1061","1061","1061","-297.2331464900602","-355.11545729098214","-250.8685766125889"
"532","1063","1063","1063","-298.83450333115735","-352.32973562856455","-251.6064422833244"
"533","1065","1065","1065","-290.36760000894975","-320.13377805146894","-254.77799614096404"
"534","1067","1067","1067","-297.6112431156567","-362.82009937913654","-245.62461089203472"
"535","1069","1069","1069","-309.2805535059724","-364.3700089614468","-272.4269738713769"
"536","1071","1071","1071","-283.150788421004","-337.7747262312787","-234.217885801747"
"537","1073","1073","1073","-308.5765233662451","-373.4863327390294","-269.4316766395607"
"538","1075","1075","1075","-287.7370823175436","-337.66141025713813","-254.72943995157485"
"539","1077","1077","1077","-288.71343544391743","-326.49148679459336","-256.3391698567121"
"540","1079","1079","1079","-311.15424561877796","-349.7986810778594","-264.88987854405974"
"541","1081","1081","1081","-296.89933522793336","-404.478893939474","-259.97043816419125"
"542","1083","1083","1083","-311.22178896078515","-415.7085520884553","-238.8791701949773"
"543","1085","1085","1085","-343.2109642427102","-378.082433713919","-267.1326488920426"
"544","1087","1087","1087","-340.86529387360326","-429.1134045128024","-262.9640412538945"
"545","1089","1089","1089","-331.7190905302761","-370.49289537369765","-287.2095022657086"
"546","1091","1091","1091","-322.98152100956094","-369.02803068768355","-297.3664717425853"
"547","1093","1093","1093","-331.81602809068534","-428.7922657286135","-274.22911969163977"
"548","1095","1095","1095","-336.7656633784885","-399.1081937723873","-287.9095818747508"
"549","1097","1097","1097","-310.686843772064","-376.0624772987423","-267.5289035572668"
"550","1099","1099","1099","-343.70157226795357","-383.6866827198243","-319.4741033714683"
"551","1101","1101","1101","-316.92564234011587","-358.6754901863365","-278.78442715468725"
"552","1103","1103","1103","-304.93684260475567","-336.7638180888411","-285.74778277026184"
"553","1105","1105","1105","-280.2690888959975","-354.4436377298115","-239.8033498884576"
"554","1107","1107","1107","-313.5420145746558","-376.51289327976167","-266.1401486780709"
"555","1109","1109","1109","-310.02629914983817","-406.28702257248057","-259.410089370511"
"556","1111","1111","1111","-292.04477615033784","-336.00987382067143","-260.2516197461038"
"557","1113","1113","1113","-300.26026290482025","-328.4421469039729","-271.4765273159212"
"558","1115","1115","1115","-323.45058458048317","-342.620075076494","-284.6041831585419"
"559","1117","1117","1117","-288.15193911730364","-322.959650474041","-249.7705740273879"
"560","1119","1119","1119","-291.9433504182614","-321.52687673757833","-257.8253985156383"
"561","1121","1121","1121","-299.4365802047844","-343.05406664596853","-247.13089916902578"
"562","1123","1123","1123","-323.47415431453794","-402.0027219418015","-247.7586777428478"
"563","1125","1125","1125","-288.97898098752574","-357.3984865643731","-258.8052092514612"
"564","1127","1127","1127","-313.63831131940117","-460.81695046293856","-255.2603538655371"
"565","1129","1129","1129","-333.7042960537268","-452.1512266599001","-255.23230444971085"
"566","1131","1131","1131","-311.64852804522116","-374.4373535756058","-234.54433350708314"
"567","1133","1133","1133","-306.75628074478874","-344.97706816275996","-273.9976274398535"
"568","1135","1135","1135","-311.81142040757055","-420.041287477933","-247.70729511513588"
"569","1137","1137","1137","-288.9063283380716","-340.20091905635786","-250.8094471912876"
"570","1139","1139","1139","-321.86920827222","-391.00537223340325","-254.360240925812"
"571","1141","1141","1141","-271.5833297520161","-285.8541816263163","-254.4203175636844"
"572","1143","1143","1143","-306.64283841307815","-353.90214138855356","-265.3655070005851"
"573","1145","1145","1145","-287.89627489172307","-322.1431277422549","-260.41999013540453"
"574","1147","1147","1147","-274.0041973559818","-301.05871033627665","-251.7852428502579"
"575","1149","1149","1149","-311.1566900365053","-360.73333404457566","-266.0297315587881"
"576","1151","1151","1151","-278.1318199199363","-349.6619255233889","-246.48827432149312"
"577","1153","1153","1153","-305.13628002324214","-337.1220942516425","-267.4789878479229"
"578","1155","1155","1155","-333.01138955127334","-428.345630274951","-259.7741010920004"
"579","1157","1157","1157","-289.4192739411049","-356.25440007422316","-251.7335028521983"
"580","1159","1159","1159","-290.93224003586135","-315.5477097770988","-249.85658941504542"
"581","1161","1161","1161","-336.03499272009356","-451.38648137373224","-281.06802594673263"
"582","1163","1163","1163","-297.46127097267316","-400.92116433221156","-245.87837556300698"
"583","1165","1165","1165","-309.843295879548","-371.8705240585511","-262.6292905574656"
"584","1167","1167","1167","-263.6542561918233","-308.0195801396717","-235.8901970796669"
"585","1169","1169","1169","-269.4549353311812","-284.0177492165763","-242.37037024740232"
"586","1171","1171","1171","-321.7896476245522","-341.87128787739096","-272.22136352930914"
"587","1173","1173","1173","-276.57323382119995","-309.33140941475307","-238.7139318868145"
"588","1175","1175","1175","-295.6310820324014","-368.06766592534905","-247.43081198925742"
"589","1177","1177","1177","-285.9981497927098","-318.52384790068675","-262.78137594646824"
"590","1179","1179","1179","-284.27061588883015","-303.937772751079","-274.49556443667603"
"591","1181","1181","1181","-306.7361018546955","-372.93884021499804","-231.25059272590363"
"592","1183","1183","1183","-277.17029891442724","-307.3354809319243","-234.15229084054536"
"593","1185","1185","1185","-292.4619467765835","-339.48505710015417","-241.12019300197795"
"594","1187","1187","1187","-320.46802189792777","-380.32182274905534","-280.08075831737034"
"595","1189","1189","1189","-308.0290171006903","-373.49243880021265","-252.37671949784723"
"596","1191","1191","1191","-276.6574066189085","-325.1102264919247","-234.42739670795578"
"597","1193","1193","1193","-301.50826532018124","-329.42630622644447","-265.9469288707138"
"598","1195","1195","1195","-285.2638246299105","-344.7689168993333","-240.12253269555887"
"599","1197","1197","1197","-287.2936916575776","-342.47791757296363","-251.90581454465388"